Title,Category,Watched At
Dwarika Na Devde,Music,2024-10-04 06:08:51
"Dudhe Te Bhari Talavadi (feat. Raghvi Pathak, Margi Shukla & Janam Saraiya)",Music,2024-10-04 06:14:08
Roz Roz,Music,2024-10-04 06:28:06
Tum Se,Music,2024-10-04 07:59:46
Maniyaro X Saiyar Mori Re,Music,2024-10-04 08:06:00
"Kygo, Ava Max - Whatever (Official Video)",Music,2024-10-04 12:42:14
Kygo - Freeze (Official Video),Music,2024-10-04 12:53:25
STEREO LOVE FUNK,Entertainment,2024-10-04 16:57:38
CUTE DEPRESSED,Music,2024-10-04 17:00:59
Artemas - i like the way you kiss me (official music video),Music,2024-10-04 18:59:00
OneRepublic - I Ain‚Äôt Worried (From ‚ÄúTop Gun: Maverick‚Äù) [Official Music Video],Music,2024-10-04 19:04:38
Stanford CS224W: Machine Learning w/ Graphs I 2023 I Advanced Topics in GNNs,Education,2024-10-04 19:48:06
Cyberpunk: Edgerunners | ‚ÄúI Really Want to Stay At Your House‚Äù by Rosa Walton | Music Video,Entertainment,2024-10-04 21:08:36
Tate McRae - greedy (Official Video),Music,2024-10-04 21:12:58
Green Day - 21 Guns [Official Music Video],Music,2024-10-04 22:48:51
Does the Electron really exist? //Sean Carroll and Neil deGrasse Tyson explains.,Science & Technology,2024-10-04 22:59:09
Montagem Mysterious Game (Slowed),Music,2024-10-04 23:09:34
Interlinked (Slowed),Music,2024-10-04 23:18:08
1000 CALORIE BULKING PROTEIN SHAKE,People & Blogs,2024-10-05 05:25:32
Dakla 5 (feat. Maulik Nayak),Music,2024-10-05 07:19:01
Radha Ne Shyam Mali Jashe,Music,2024-10-05 07:22:56
O Rang Rasiya,Music,2024-10-05 07:43:41
"""Hand of God"" came out of Nowhere",People & Blogs,2024-10-05 07:55:40
What's Up with Earth's New 'Mini-Moon'?,Science & Technology,2024-10-05 08:04:19
What‚Äôs In My Wallet - Fall 2024 (My New Strategy),Education,2024-10-05 08:10:22
Krishna Bhajan,Music,2024-10-05 08:30:29
ANGEL,Music,2024-10-05 10:09:49
Cyberpunk: Edgerunners | ‚ÄúI Really Want to Stay At Your House‚Äù by Rosa Walton | Music Video,Entertainment,2024-10-05 10:18:20
Narvent - Fainted (4K Music Video),Music,2024-10-05 10:22:42
Hang Up,Music,2024-10-05 13:28:49
Dreamer,Music,2024-10-05 13:36:34
"You have a house, but no insurance?",Gaming,2024-10-05 14:35:04
BILT Credit Card Top Expert Reveals What to Expect!,Travel & Events,2024-10-05 15:37:33
The Only 5 Cards You Need in 2024,Education,2024-10-05 15:47:13
[Full Guide] How to Climb the American Express Ladder in 2024,Education,2024-10-05 16:03:14
"Can You Guess Who Wins? ü§´ Ultimate Tug of War Showdown! üí•"" #shorts #squidgame  #fitness",Sports,2024-10-05 16:49:59
They Are Built Different üò≥üíÄ,Entertainment,2024-10-05 16:51:47
Are you a lawyer?,Gaming,2024-10-06 07:39:23
This Is Why Everyone Respects RONALDO! #shorts #ronaldoedit,People & Blogs,2024-10-06 07:40:25
Complete Session On Knowledge Graph and GraphDb With Langchain,Education,2024-10-06 07:59:29
Sasuke Uchiha:To Be Hero Or Villian#naruto #anime #manga #sasuke #animeedit #shorts,Film & Animation,2024-10-06 08:29:51
So Much Smoke On Cowboys Ropes #shorts,People & Blogs,2024-10-06 08:39:41
He does incredible magic with one hand #shorts,People & Blogs,2024-10-06 08:49:45
"This isn't magic,These are real scientific mini-experiments. #shorts",People & Blogs,2024-10-06 08:52:31
Artemas - i like the way you kiss me (official music video),Music,2024-10-06 09:28:26
Zini Zini Moraliyu Vage,Music,2024-10-06 09:48:42
Kanudo Zilva Hendyo,Music,2024-10-06 09:55:53
How to Fix Screen Mirroring Not Working on iPhone,Science & Technology,2024-10-06 11:18:52
iPhone 13's & 14's: How to AirPlay to Samsung Smart TV (wireless screen mirror),Howto & Style,2024-10-06 11:20:07
"CHASHKAKEFIRA, DJ PXRPLE ‚Äì COLLAR!",People & Blogs,2024-10-06 13:58:33
Cyberpunk: Edgerunners | ‚ÄúI Really Want to Stay At Your House‚Äù by Rosa Walton | Music Video,Entertainment,2024-10-06 14:05:47
"TRVNSPORTER, Narvent, SKVLENT - Miss You (4K Music Video)",Music,2024-10-06 14:18:05
Learned how to be tall using @InVideoOfficial üòÇ,Comedy,2024-10-06 14:28:43
How Many Credit Cards Should You ACTUALLY Have? (The TRUTH),Education,2024-10-06 14:30:46
[VEGAN RECIPE] HIRYUZU -Fluffy Deep-Fried Tofu Mixed Veggies- Japanese cooking,Entertainment,2024-10-06 16:27:04
Green Day - 21 Guns [Official Music Video],Music,2024-10-06 17:15:39
Coldplay - Clocks (Official Video),Music,2024-10-06 17:28:29
Coldplay - A Sky Full Of Stars (Official Video),Music,2024-10-06 17:36:56
Oasis - Wonderwall (Official Video),Music,2024-10-06 17:41:10
Glass Animals - Heat Waves (Official Video),Music,2024-10-06 17:56:49
TOKYOPHILE - AUTOMOTIVO BAYSIDE 2.0 [Rally House],Music,2024-10-06 18:09:00
Montagem Mysterious Game,Music,2024-10-06 18:17:31
RALLY FUNK,Music,2024-10-06 18:25:09
Galaxies Beyond Our Horizon - Cosmic Queries with Neil deGrasse Tyson,Science & Technology,2024-10-06 18:45:58
Ek Din Aap,Music,2024-10-06 20:05:39
Half Japanese half Indian,People & Blogs,2024-10-06 21:57:31
Why should I spend money on private school? -1 tuition plz. Fresh Off the Boat S3E22. #shorts #film,Film & Animation,2024-10-06 22:21:38
How RICH is Bill Gates #trending #shorts #billgates #podcast #america,People & Blogs,2024-10-06 22:39:43
Eminem - My Name Is (Official Music Video),Music,2024-10-06 22:46:53
Eminem Greatest Hits!,Gaming,2024-10-06 22:50:09
Complete Session On Knowledge Graph and GraphDb With Langchain,Education,2024-10-06 23:33:31
"Mera Yaar (From ""Bhaag Milkha Bhaag"")",Music,2024-10-07 07:39:36
Nadaan Parinde,Music,2024-10-07 07:45:25
The Earth Like Planet Proxima B ü§Ø w/ Neil deGrasse Tyson,Science & Technology,2024-10-07 10:58:30
Singham Again | Official Trailer | A Rohit Shetty Cop Universe | In Cinemas 1st Nov,Entertainment,2024-10-07 13:51:29
Jay Aadhya Shakti Aarti,Music,2024-10-07 15:14:43
Vishvambhari Stuti - Kinjal Dave - KD Digital,Music,2024-10-07 15:29:12
‡§Ö‡§ö‡•ç‡§Ø‡•Å‡§§‡§Æ ‡§ï‡•á‡§∂‡§µ‡§Æ - Lyrical | Achyutam Keshavam Krishna Damodaram | Krishna Bhajan by Alka Yagnik,Music,2024-10-07 15:35:47
Ranchhod Rangila (Drop Mix),Music,2024-10-07 15:48:28
"Dakla 2 (feat. Aishwarya Joshi, Maulik Nayak) (Extended Version)",Music,2024-10-07 15:55:59
Asvaar,Music,2024-10-07 16:09:07
Charar Charar Maro Chakdod,Music,2024-10-07 16:18:14
Eke Lal Darvaje,Music,2024-10-07 16:25:55
Navalakhay Lobadiyaliyu,Music,2024-10-08 03:59:00
Vaagyo Re Dhol,Music,2024-10-08 04:08:19
Hal Kana Mane Dwarika Dekhad,Music,2024-10-08 04:19:09
Jai Adhya Shakti,Music,2024-10-08 04:24:44
Sukhkarta Dukhharta,Music,2024-10-08 04:38:40
Karpur Gauram Karunavtaram,Music,2024-10-08 06:04:46
"Answering Fan Queries About Putting Taylor Swift on The Golden Record, Absolute Stillness, & More",Science & Technology,2024-10-08 08:01:50
Even The Logan Paul Couldn't Believe His Brother,Music,2024-10-08 08:17:18
"Songs that are like V√òJ, Narvent - Memory Reboot",Entertainment,2024-10-08 08:22:20
Artemas - i like the way you kiss me (official music video),Music,2024-10-08 11:13:47
"Chogada (From ""Loveyatri"")",Music,2024-10-08 13:59:05
Green Day - 21 Guns [Official Music Video],Music,2024-10-08 14:06:43
Imagine Dragons - Bad Liar,Music,2024-10-08 14:26:28
"3X MEMORY REBOOT | @NarventMusic, @voj_official, @VXLLAIN.MP3",People & Blogs,2024-10-08 15:19:57
V√òJ Narvent - Fainted & Memory Reboot (Reverb + FX audio),Music,2024-10-08 15:36:01
How Many Credit Cards Should You ACTUALLY Have?,Education,2024-10-08 15:45:42
Avicii Tribute Mix 2024,Music,2024-10-08 15:59:19
Nadia Ali - Rapture (Avicii Remix) [Official Music Video],Entertainment,2024-10-08 16:19:37
Henry Ford experienced his racing car GT 40üòÇ | Ford v Ferrari (2019),Entertainment,2024-10-08 16:28:11
The Darien Gap üåç The Most Dangerous Places on Earth,Entertainment,2024-10-08 16:32:53
"Who Is She x The Perfect Girl (TikTok Remix) I Monster, Mareux (Lyrics) | oh who is she",Music,2024-10-08 17:18:04
Eminem just DISSED Diddy!! üö®üî• #shorts #music #eminem,Music,2024-10-08 17:28:32
Eminem - Fuel ft. JID (Explicit Video) Diddy Diss 2024,Music,2024-10-08 17:38:38
Complete Session On Knowledge Graph and GraphDb With Langchain,Education,2024-10-08 17:46:38
A true miracle üò¢ | Schindler's List | #movie,People & Blogs,2024-10-08 18:24:47
Bill from Regrets is waiting for you #motivation,Education,2024-10-08 21:13:10
STEM OPT i-983 Filling Form Complete | Step by Step Instructions fr i 983 Training Plan Form Filling,Howto & Style,2024-10-09 02:18:10
How to fill Form I-983,Film & Animation,2024-10-09 02:20:07
Jai Adhya Shakti,Music,2024-10-09 04:06:25
Hanuman Ashtak [Full Song] By Hariharan - Shree Hanuman Chalisa - Hanuman Ashtak,Music,2024-10-09 04:39:58
Mogal Maadi (Ladi Ladi Paay Lagu) - Aishwarya Majmudar | Chaitra Navratri Special,Music,2024-10-09 04:45:32
Sukh Karta Dukh Harta Lyrics By Sadhana Sargam | Ganesh Aarti,People & Blogs,2024-10-09 04:50:06
"Bulleya (From ""Sultan"")",Music,2024-10-09 05:04:06
Dil Mere,Music,2024-10-09 05:19:10
Tere Bin,Music,2024-10-09 05:27:11
O Sanam,Music,2024-10-09 05:36:23
KABIRA,Music,2024-10-09 05:59:44
Chidiya,Music,2024-10-09 06:07:01
Dariya,Music,2024-10-09 06:14:37
Rang Lageya,Music,2024-10-09 06:28:06
"Chashni (From ""Bharat"")",Music,2024-10-09 06:39:24
Kya Mujhe Pyar Hai,Music,2024-10-09 06:48:32
Dildaara (Stand By Me),Music,2024-10-09 07:09:18
Tum Tak,Music,2024-10-09 07:13:28
"Who Is She x The Perfect Girl (TikTok Remix) I Monster, Mareux (Lyrics) | oh who is she",Music,2024-10-09 08:08:14
Mental Reset - Memory Reboot + Other Songs,People & Blogs,2024-10-09 08:12:00
Distant Echoes x Memory Reboot x Fainted,Gaming,2024-10-09 08:26:57
For Me,Music,2024-10-09 08:59:25
Bloom,Music,2024-10-09 09:06:04
One Year With The Chase Sapphire Preferred‚Ä¶ How Do I REALLY Feel?,Education,2024-10-09 14:40:08
Starbucks Fires CEO Laxman Narasimhan,People & Blogs,2024-10-09 14:59:33
How hard is money laundering? - Patrick McKenzie,Science & Technology,2024-10-09 15:03:55
"All Time Low - Dear Maria, Count Me In (Official Music Video)",Music,2024-10-09 16:17:48
OneRepublic - Nobody (from Kaiju No. 8) [Official Music Video],Music,2024-10-09 16:27:55
Green Day - American Idiot [Official Music Video] [4K Upgrade],Music,2024-10-09 16:33:41
Showtek Feat We Are Loud & Sonny Wilson - Booyah (Radio Edit),Music,2024-10-09 17:59:52
Axwell /\ Ingrosso - More Than You Know,Music,2024-10-09 18:07:21
Krewella - Alive (Video),Music,2024-10-09 18:16:33
Swedish House Mafia ft. John Martin - Don't You Worry Child (Official Video),Music,2024-10-09 18:28:39
Flo Rida - Wild Ones ft. Sia [Official Video],Music,2024-10-09 18:39:37
Avicii - The Nights (Lyrics),Music,2024-10-09 18:47:41
Avicii Tribute Megamashup,Music,2024-10-09 18:50:53
Eminem playlist (Speed up),People & Blogs,2024-10-09 21:39:56
eminem song üéµ ‚ô•,Entertainment,2024-10-09 22:02:48
Make Progressive House Great Again!,Entertainment,2024-10-09 22:17:32
432Hz Deep Sleep Therapy: Healing Frequencies for Full Body Regeneration & Inner Peace,Music,2024-10-10 01:48:34
Rabba Main Toh Mar Gaya Oye,Music,2024-10-10 07:56:03
Gulaab,Music,2024-10-10 08:09:58
Kano Dwarika Vado,Music,2024-10-10 08:12:47
Dhun Laagi,Music,2024-10-10 09:06:49
Tate McRae - greedy (Official Video),Music,2024-10-10 09:17:55
Axwell /\ Ingrosso - More Than You Know,Music,2024-10-10 09:23:12
Kanji Kya Rami Aavya,Music,2024-10-10 11:06:59
Nagada Sang Dhol,Music,2024-10-10 11:11:37
Garba Mashup 2020,Music,2024-10-10 11:27:09
Der Mari Anguthadi No Chor,Music,2024-10-10 11:37:55
‡™π‡´Å‡™Ç ‡™ó‡´ã‡™ï‡´Å‡™≥ ‡™®‡´ã ‡™ó‡´ã‡™µ‡™æ‡™≥‡™ø‡™Ø‡´ã,Music,2024-10-10 11:59:08
Boys Like Girls - The Great Escape,Music,2024-10-10 12:08:07
„Éì„ÉÉ„Ç±„Éñ„É©„É≥„Ç´ - Black Catcher / Vicke Blanka - Black Catcher,Music,2024-10-10 12:19:12
Maro Shamadiyo,Music,2024-10-10 12:28:45
Mahahetvali,Music,2024-10-10 12:36:52
Gori Radha Ne Kado Kaan,Music,2024-10-10 12:43:53
Aditya Gadhavi - Krishna Raas | ‡™Ü‡™¶‡™ø‡™§‡´ç‡™Ø ‡™ó‡™¢‡™µ‡´Ä - ‡™ï‡´É‡™∑‡´ç‡™£ ‡™∞‡™æ‡™∏,Music,2024-10-10 12:59:02
A janitorial worker converted to a police officer?#shortvideo #tvshow #story #mom,Film & Animation,2024-10-10 17:06:56
Mareux - The Perfect Girl,Film & Animation,2024-10-10 17:29:55
I Really Want to Stay at Your House,Music,2024-10-10 17:35:45
Shadow Lady,Music,2024-10-10 17:44:39
HOME - Resonance,Music,2024-10-10 17:54:23
Eminem - Makaveli (Diddy Disstrack),Music,2024-10-10 18:19:50
Eminem - The Real Slim Shady (Official Video - Clean Version),Music,2024-10-10 18:29:27
Superman,Music,2024-10-10 18:39:22
The Monster,Music,2024-10-10 18:49:28
Eminem - Godzilla ft. Juice WRLD (Official Music Video),Entertainment,2024-10-10 18:53:44
Nadia Ali - Rapture (Avicii Remix) [Official Music Video],Entertainment,2024-10-10 19:52:21
Shaolin Soccer Most Epic Scenes,Film & Animation,2024-10-10 22:49:06
Kung Fu Hustle |Best Funny Scene in Hindi,People & Blogs,2024-10-10 22:57:10
Diljit Dosanjh - Do You Know,Music,2024-10-10 23:07:39
Microsoft's Surface Dial hands on,Science & Technology,2024-10-11 00:27:44
Kamariya,Music,2024-10-11 04:36:31
Kanudo Zilva Hendyo,Music,2024-10-11 05:49:25
Kan Tari Moraliye,Music,2024-10-11 05:58:21
Escape from life.#viralvideo #movie #shorts,Film & Animation,2024-10-11 08:46:23
Eminem Forced Kanye to Rewrite an Iconic Verse üèÜ #shorts,Sports,2024-10-11 09:45:06
Porter Robinson - Something Comforting (Official Music Video),Music,2024-10-11 09:56:50
Ford radio hidden tests,People & Blogs,2024-10-11 19:19:33
Imagine Dragons - Bad Liar,Music,2024-10-11 19:25:56
"Demons - Imagine Dragons, One Republic & Cold Play, Music for the Weekend",People & Blogs,2024-10-11 19:42:33
Imagine Dragons - Demons (Lyrics) - (Mix),Music,2024-10-11 19:57:18
"Clean Bandit - Symphony (feat. Zara Larsson) | Roar - Katy Perry (Lyrics) /John Legend, Imagine Dra",Music,2024-10-11 20:11:38
"Fifth Harmony - Worth It (feat. Kid Ink) | All of Me - John Legend (Lyrics) /David Guetta, The Week",Music,2024-10-11 20:26:33
"The Chainsmokers - Closer | Love The Way You Lie - Eminem (Lyrics) /Fifth Harmony, Meghan Trainor",Music,2024-10-11 20:30:23
"The Chainsmokers - Closer | Die For You - The Weeknd (Lyrics) /Alan Walker, Camila Cabello",Music,2024-10-11 20:46:22
‚úò(NIGHTCORE) Mary On A Cross - Ghost‚úò,Music,2024-10-11 20:59:59
Linkin Park - Lost [Extended] (Seamless Loop),Music,2024-10-11 21:03:13
LINKIN PARK - Robot Boy / Jornada Del Muerto / Waiting For The End ¬¥10,Music,2024-10-11 21:14:53
linkin park shadow of the day with what ive done together,Entertainment,2024-10-11 21:24:48
Why Were Pros Doing THIS in CS? ü§î,Gaming,2024-10-11 23:08:30
‚úò(NIGHTCORE) Mary On A Cross - Ghost‚úò,Music,2024-10-12 01:24:03
Nightcore - Counting Stars,Music,2024-10-12 01:36:37
„ÄåNightcore„Äç Paris - The Chainsmokers ‚ô° (Lyrics),Music,2024-10-12 01:44:09
„ÄåNightcore„Äç Nobody (from Kaiju No. 8) - OneRepublic ‚ô° (Lyrics),Music,2024-10-12 01:58:25
The Nights,Music,2024-10-12 02:07:42
Showtek Feat We Are Loud & Sonny Wilson - Booyah (Radio Edit),Music,2024-10-12 02:12:32
iPhone 16 Pro Unboxing and Camera Test! - ASMR,Science & Technology,2024-10-12 08:59:43
Natural Titanium iPhone 15 Pro - Unboxing & Impressions,Science & Technology,2024-10-12 09:00:04
Eminem - Fuel ft. JID (Explicit Video) Diddy Diss 2024,Music,2024-10-12 11:17:50
"All Time Low - Dear Maria, Count Me In (Official Music Video)",Music,2024-10-12 11:25:14
Boys Like Girls - The Great Escape,Music,2024-10-12 11:38:29
blink-182 - I Miss You (Official Video),Music,2024-10-12 11:49:42
Cyberpunk: Edgerunners | ‚ÄúI Really Want to Stay At Your House‚Äù by Rosa Walton | Music Video,Entertainment,2024-10-12 11:53:32
"Bhool Bhulaiyaa 3 (Official Trailer): Kartik Aaryan,Vidya B,Madhuri D,Triptii | Anees B | Bhushan K",Music,2024-10-12 14:33:27
Martin Garrix feat. Bonn - High On Life (Official Video),Music,2024-10-12 17:37:31
Daft Punk - One More Time (Official Video),Music,2024-10-12 17:45:28
Zedd - I Want You To Know ft. Selena Gomez,Music,2024-10-12 17:54:45
Swedish House Mafia ft. John Martin - Don't You Worry Child (Official Video),Music,2024-10-12 18:02:04
"Sebastian Ingrosso, Tommy Trash, John Martin - Reload  (Official Video)",Music,2024-10-12 18:14:46
Nadia Ali - Rapture (Avicii Remix) [Official Music Video],Entertainment,2024-10-12 19:18:48
ghost - mary on a cross (sped up + reverb),People & Blogs,2024-10-12 19:23:30
Artemas - i like the way you kiss me (official music video),Music,2024-10-12 19:49:55
OneRepublic - Nobody (from Kaiju No. 8) [Official Music Video],Music,2024-10-12 19:59:05
Glass Animals - Heat Waves (Official Video),Music,2024-10-12 20:01:39
Montagem Coral x Derniere Danse ( Super Slowed + Reverb ),Music,2024-10-12 21:59:38
BACK2BACK,Music,2024-10-12 22:08:33
Ogryzek - GLORY (Official Visualiser),People & Blogs,2024-10-12 22:19:44
LINK! (feat. RXTKY),Music,2024-10-12 22:26:54
Bobby Lee Hates Asian Accents!,People & Blogs,2024-10-13 07:59:59
How are Our Heroes Flawed,People & Blogs,2024-10-13 08:06:57
AIIMS DELHI PULSE 23 üî•...speed datingüî•üî•,People & Blogs,2024-10-13 08:59:22
Machine Learning on Your Device: The Options (Google I/O'19),Science & Technology,2024-10-13 09:00:21
Boys Like Girls - The Great Escape,Music,2024-10-13 10:35:45
The perfect girl doesn‚Äôt exist‚Äî,Comedy,2024-10-13 12:06:21
Porter Robinson & Madeon - Shelter (Official Video) (Short Film with A-1 Pictures & Crunchyroll),Music,2024-10-13 12:16:56
Imagine Dragons - Bad Liar,Music,2024-10-13 12:21:14
"Sebastian Ingrosso, Tommy Trash, John Martin - Reload  (Official Video)",Music,2024-10-13 12:58:22
The Lost Super Material.,Entertainment,2024-10-13 13:48:03
This 1000 IQ Move Will Blow Your Mindü§Ø,Sports,2024-10-13 14:13:57
ghost - mary on a cross (sped up + reverb),People & Blogs,2024-10-13 16:06:44
OneRepublic - Nobody (from Kaiju No. 8) [Official Music Video],Music,2024-10-13 16:17:35
Coldplay - Yellow (Lyrics),Music,2024-10-13 16:58:07
"3X MEMORY REBOOT | @NarventMusic, @voj_official, @VXLLAIN.MP3",People & Blogs,2024-10-13 17:29:41
Bro‚Äôs taking his rank too seriouslyüíÄ #vrgame #warofwizards #vrgaming #quest2 #quest3 #jamesplaysvr,Gaming,2024-10-13 17:49:26
"I Found the BEST Credit Card Bonuses - Act FAST, Ending Soon",People & Blogs,2024-10-13 17:59:40
blink-182 - I Miss You (Official Video),Music,2024-10-13 18:17:47
Porter Robinson - KNOCK YOURSELF OUT XD (Official Music Video),Music,2024-10-13 18:28:40
Help us please üôá‚Äç‚ôÇÔ∏èüòÇ #japan #shorts,People & Blogs,2024-10-13 18:39:18
Artemas - i like the way you kiss me (girl version cover by sad alex) | with lyrics!,Music,2024-10-13 18:48:21
Tate McRae - greedy (Official Video),Music,2024-10-13 18:50:39
Maadi Tara Mandiriya Maa (Gujarati Garba Song),Music,2024-10-14 07:17:51
Kumkumna Pagla Padiya (Gujarati Garba Song),Music,2024-10-14 07:29:52
LSTM Time Series Forecasting Tutorial in Python,Education,2024-10-14 08:05:02
I Really Want to Stay at Your House,Music,2024-10-14 08:18:19
"V√òJ, Narvent - Memory Reboot (Over Slowed | 4K Music Video)",Music,2024-10-14 08:29:18
Hang Up,Music,2024-10-14 10:14:08
"Bulleya (From ""Sultan"")",Music,2024-10-14 10:32:50
Oasis - Wonderwall (Official Video),Music,2024-10-14 11:07:33
Nadia Ali - Rapture (Avicii Remix) [Official Music Video],Entertainment,2024-10-14 11:19:36
"Sebastian Ingrosso, Tommy Trash, John Martin - Reload  (Official Video)",Music,2024-10-14 11:24:19
Ve Kamleya - Asees Version,Music,2024-10-14 11:38:22
Heeriye (feat. Arijit Singh),Music,2024-10-14 11:41:22
SOCHA HAI,Music,2024-10-14 12:00:08
Paratha Series part 5- Beetroot & Tofu paratha| Sprouted channa curry| Anna Datha Sukhi bhava,People & Blogs,2024-10-14 15:27:23
Mount Pro Monitor Mount - How to Setup and Install a VESA Adjustable Monitor Arm for Standing Desk,Howto & Style,2024-10-14 15:38:28
Upgrading my Set Up with a Vertical Monitor  #pcsetup #gamingsetup,Gaming,2024-10-14 15:52:32
Unboxing my husband‚Äôs new baby NITRO VG1 Series 2k Gaming MONITOR #shorts #acer #gaming #nitro #vg1,Entertainment,2024-10-14 16:03:27
DO NOT Buy A Monitor Arm Until You‚Äôve Watched This Video,Howto & Style,2024-10-14 16:28:10
Clave Especial x Fuerza Regida - No Pasa Nada [Official Video],Music,2024-10-14 19:30:10
Ranking Every $0 Credit Card (What's ACTUALLY Good),Education,2024-10-14 21:14:29
"Deep SLEEPING Music, Super LOW Frequency THETA Brainwaves, Calm An Overactive Mind, Fall ASLEEP",People & Blogs,2024-10-14 21:39:13
Artemas - i like the way you kiss me (official music video),Music,2024-10-14 21:48:10
"Dear Maria, Count Me In TikTok",People & Blogs,2024-10-14 22:19:38
We The Kings - Check Yes Juliet,Music,2024-10-14 22:27:57
Simple Plan - Jet Lag ft. Natasha Bedingfield (Official Video),Music,2024-10-14 22:36:42
Krewella - Alive (Video),Music,2024-10-14 22:45:59
Los Gatos DMV driving test route 2024 - Actual test Route in 14 mins,Education,2024-10-14 22:55:55
Ek Main Aur Ekk Tu,Music,2024-10-15 08:08:18
Roobaroo,Music,2024-10-15 08:15:33
It's the Time to Disco,Music,2024-10-15 08:23:40
Louis the true American hero üòÇ | Suits,Entertainment,2024-10-15 08:39:42
This New Anime Voice Actor Is Going Viral For A Hilarious Reason!,Entertainment,2024-10-15 08:45:27
Causality and (Graph) Neural Networks,Education,2024-10-15 08:59:54
Right Here Right Now,Music,2024-10-15 09:08:33
Porter Robinson - Cheerleader (Official Music Video),Music,2024-10-15 09:16:43
Bure Bure Boro Boro,Music,2024-10-15 10:29:43
Gal Mitthi Mitthi,Music,2024-10-15 10:37:41
Hey Ya !,Music,2024-10-15 10:42:11
"Lucky Boy (From ""Bachna Ae Haseeno"")",Music,2024-10-15 10:51:22
Hal Kana Mane Dwarika Dekhad,Music,2024-10-15 15:28:30
O Rang Rasiya,Music,2024-10-15 15:37:39
CHANIYACHOLI,Music,2024-10-15 15:46:54
Radha Ne Shyam 2.0 (feat. Sachin Sanghvi),Music,2024-10-15 15:57:04
Zulan Morali Vagi Re,Music,2024-10-15 16:01:45
Nadia Ali - Rapture (Avicii Remix) [Official Music Video],Entertainment,2024-10-15 16:25:41
Guru Josh Project - Infinity (Klaas Vocal Mix) [Ultra Records],Music,2024-10-15 16:39:09
Flo Rida - Wild Ones ft. Sia [Official Video],Music,2024-10-15 16:46:18
ghost - mary on a cross (sped up + reverb),People & Blogs,2024-10-16 06:27:05
"Chhaliya (From ""Tashan"")",Music,2024-10-16 06:38:02
Rame Ambe Ma,Music,2024-10-16 06:48:05
"Chandaliyo Ugyo Re (Extended Version From ""Naadi Dosh"")",Music,2024-10-16 06:59:43
Nicky Romero & Vicetone - Let Me Feel ft. When We Are Wild (Official Music Video),Music,2024-10-16 07:06:54
Swedish House Mafia - Save The World vs. Reload Mashup,Music,2024-10-16 07:11:33
M83 'Midnight City' Official video,Music,2024-10-16 07:35:48
Saajna,Music,2024-10-16 08:30:11
PUBLIC - Make You Mine (Put Your Hand in Mine) [Official Video],Music,2024-10-16 09:36:53
BURN IT DOWN (Official Music Video) [4K Upgrade] - Linkin Park,Music,2024-10-16 09:40:49
coldplay - viva la vida [ sped up ] lyrics,Music,2024-10-16 09:57:52
„ÄåNightcore„Äç Superheroes - The Script ‚ô° (Lyrics),Music,2024-10-16 10:08:26
Marshmello & Anne-Marie - FRIENDS (Lyric Video) *OFFICIAL FRIENDZONE ANTHEM*,Music,2024-10-16 10:19:39
Marshmello - Alone (Official Music Video),Music,2024-10-16 10:23:04
DMV Drive Test Part 1 -Checking in & Pre-Drive checklist,Education,2024-10-16 10:38:43
The Most EPIC Schooling You‚Äôll Ever Witness,People & Blogs,2024-10-16 10:56:56
Kanudo Kanudo,Music,2024-10-16 14:16:00
Saiyaan Dil Main,Music,2024-10-16 14:28:08
Angaaron,Music,2024-10-16 14:33:07
Mathura Ma Khel Kheli,Music,2024-10-16 15:23:34
[1 hour] I'll do it x Metamorphosis PHONK #phonk,People & Blogs,2024-10-16 16:26:54
Honey Singh brown rang storyüî•üòç @TheLallantop #honeysingh,Education,2024-10-16 16:49:17
Chalte Chalte,Music,2024-10-16 16:57:50
O Maahi,Music,2024-10-16 17:04:01
Artemas - i like the way you kiss me (official music video),Music,2024-10-16 18:39:19
Porter Robinson & Madeon - Shelter (Official Video) (Short Film with A-1 Pictures & Crunchyroll),Music,2024-10-16 18:46:01
„ÄåNightcore„Äç Paris - The Chainsmokers ‚ô° (Lyrics),Music,2024-10-16 18:58:49
Mr. Kitty - After Dark (Synthwave / Blade Runner ambience cover),Music,2024-10-16 19:05:41
Karma is BLACK üò≠,People & Blogs,2024-10-16 19:22:25
"Ôº•Ôº∂Ôº•Ôº≤ÔºπÔºØÔºÆÔº•„ÄÄÔº©Ôº≥„ÄÄÔº°Ôº≥Ôº¨Ôº•Ôº•Ôº∞,„ÄÄÔº•Ôº∏Ôº£Ôº•Ôº∞Ôº¥„ÄÄÔºπÔºØÔºµ",People & Blogs,2024-10-16 22:47:27
Amazon Hold Music (2023),Music,2024-10-16 23:09:29
Amazon Hold Music (HQ) (Full Song) (2023),Music,2024-10-16 23:11:34
Navlaakhaai Lobadiyaliyu,Music,2024-10-17 07:09:48
I'll do it x Metamorphosis (PHONK REMIX by CX1MERA),People & Blogs,2024-10-17 07:19:52
"Haan Ke Haan (From ""Maharaj"")",Music,2024-10-17 07:29:37
CUTE DEPRESSED,Music,2024-10-17 07:39:26
ANGEL,Music,2024-10-17 07:47:17
Ik Junoon (Paint It Red),Music,2024-10-17 07:57:09
"Kya Mujhe Pyaar Hai song LYRICS||WOH LAMHE||K.K||2008||Kangana Ranaut,Shiney Ahuja",Entertainment,2024-10-17 09:09:33
Bin Tere,Music,2024-10-17 09:18:31
BACK2BACK,Music,2024-10-17 09:24:26
It's Finally Here!  The Best Premium Credit Card of 2024!,Travel & Events,2024-10-17 09:30:49
nadaaniyan,Music,2024-10-17 09:56:56
Tu hai kahan,Music,2024-10-17 10:28:38
Chor,Music,2024-10-17 10:46:57
Tu Hai,Music,2024-10-17 10:58:29
Khwab,Music,2024-10-17 11:08:27
Let Her Go X Husn,Music,2024-10-17 11:18:29
"Kygo, Ava Max - Whatever (Official Video)",Music,2024-10-17 11:28:02
Coldplay - A Sky Full Of Stars (Official Video),Music,2024-10-17 11:35:00
PUBLIC - Make You Mine (Put Your Hand in Mine) [Official Video],Music,2024-10-17 11:45:40
Eminem - My Name Is (Official Music Video),Music,2024-10-17 12:34:22
Eminem - Rap God (Explicit),Music,2024-10-17 12:43:00
The Monster,Music,2024-10-17 12:53:04
Chillhop Radio - jazzy & lofi hip hop beats üêæ,Music,2024-10-17 15:55:10
40 Brutal Truths I Wish I Knew in My 20s,Education,2024-10-17 17:29:34
The Chainsmokers - Paris (Official Video),Music,2024-10-17 18:36:53
Enrique Iglesias - Finally Found You (Official Music Video) ft. Sammy Adams,Music,2024-10-17 18:49:31
"Pitbull - Give Me Everything ft. Ne-Yo, Afrojack, Nayer",Music,2024-10-17 18:57:44
Pitbull - International Love (Official Video) ft. Chris Brown,Music,2024-10-17 19:05:23
15 Sacrifices You Need to Make If You Want To Be Rich,Education,2024-10-17 19:16:00
1099 Tax Deductions Explained (2023),Education,2024-10-17 19:39:54
Ultimate Tax Guide for H1B Workers & Indian Students!!,People & Blogs,2024-10-17 19:53:10
"Sebastian Ingrosso, Tommy Trash, John Martin - Reload  (Official Video)",Music,2024-10-17 20:09:51
Krewella - Alive (Video),Music,2024-10-17 20:49:07
DJ Snake - Let Me Love You ft. Justin Bieber,Music,2024-10-17 20:56:56
OneRepublic - I Ain‚Äôt Worried (From ‚ÄúTop Gun: Maverick‚Äù) [Official Music Video],Music,2024-10-17 21:00:22
Russian Roulette,Music,2024-10-18 00:18:40
Ghost - Mary On A Cross (Live In Tampa 2022),Music,2024-10-18 00:25:40
Link in bio to get yours! #art #fountainpen #calligraphy #pen,People & Blogs,2024-10-18 00:39:51
Said The Sky & good problem - Till I Met You [Official Lyric Video],Entertainment,2024-10-18 00:44:50
Rangisari,Music,2024-10-18 07:09:26
Alag Aasmaan,Music,2024-10-18 07:16:29
Softly,Music,2024-10-18 07:27:29
Sadqay,Music,2024-10-18 07:34:42
Caring Less About Work can get us what we really want,People & Blogs,2024-10-18 07:58:06
Eminem - The Real Slim Shady (Official Video - Clean Version),Music,2024-10-18 08:27:49
The MUST HAVE Gaming Desk UPGRADE! üò≤,Science & Technology,2024-10-18 08:39:55
Why Looking Poor is Important,Education,2024-10-18 08:46:26
15 Secrets Only Billionaires Know,Education,2024-10-18 08:56:39
Coffee Lofi ‚òï1 Hour Cafe Song üéµ Stream cafe ‚ú®cute & relaxing music üç™ Make Your Day Better,People & Blogs,2024-10-18 09:03:45
The Red Jumpsuit Apparatus - Face Down,Music,2024-10-18 09:29:28
Avril Lavigne - Complicated (Official Video),Music,2024-10-18 09:36:25
What I've Done (Official Music Video) [4K Upgrade] - Linkin Park,Music,2024-10-18 09:48:14
Green Day - Boulevard Of Broken Dreams [Official Music Video] [4K Upgrade],Music,2024-10-18 09:55:15
New Divide (Official Music Video) [4K Upgrade] - Linkin Park,Music,2024-10-18 10:00:03
Artemas - i like the way you kiss me (official music video),Music,2024-10-18 12:39:04
"$25,000 Purse Got Camila Cabello Cancelled",People & Blogs,2024-10-18 12:44:18
The Chainsmokers - Paris (Official Video),Music,2024-10-18 14:29:25
The Chainsmokers - All We Know (Audio) ft. Phoebe Ryan,Music,2024-10-18 14:36:54
which version of ‚ÄúNotion‚Äù do you prefer?? üéßü§î #llusionmusic,Entertainment,2024-10-18 17:16:30
No One Can Measure Productivity,People & Blogs,2024-10-18 17:24:00
Stanford CS224W: Machine Learning with Graphs | 2021 | Lecture 1.1 - Why Graphs,Education,2024-10-18 17:33:31
MILLIONAIRE SONG (Full Video): @YoYoHoneySingh  | GLORY | BHUSHAN KUMAR,Music,2024-10-18 17:42:45
"Who Is She x The Perfect Girl (TikTok Remix) I Monster, Mareux (Lyrics) | oh who is she",Music,2024-10-18 18:18:03
Nadia Ali - Rapture (Avicii Remix) [Official Music Video],Entertainment,2024-10-18 18:24:58
Mike Demero - Live at Riverside 2024 (Full Set),Music,2024-10-18 19:52:59
"Kratex, Shreyas - Taambdi Chaamdi (Official Music Video)",Music,2024-10-18 20:09:23
Sean Paul - She Doesn't Mind (Official Video),Music,2024-10-18 20:18:07
WHO DID IT BETTER? ü§î #shorts,Entertainment,2024-10-18 20:29:44
"3X MEMORY REBOOT | @NarventMusic, @voj_official, @VXLLAIN.MP3",People & Blogs,2024-10-18 20:33:36
ODETARI - KEEP UP (sped up + 1 hour),Music,2024-10-18 20:44:03
Don't Be the Volunteer at Work,People & Blogs,2024-10-18 20:59:56
Krewella - Alive,Music,2024-10-18 21:05:31
Face Down With Lyrics,Music,2024-10-18 21:17:36
Reload - Sebastian Ingrosso ft. Tommy Trash. //Traducci√≥n.,Music,2024-10-18 21:22:44
ghost - mary on a cross (sped up + reverb),People & Blogs,2024-10-19 00:59:35
Nadia Ali - Rapture (Avicii Remix) [Official Music Video],Entertainment,2024-10-19 01:06:55
Eternxlkz - SLAY! (Official Audio),Music,2024-10-19 02:28:25
Porter Robinson - KNOCK YOURSELF OUT XD (Official Music Video),Music,2024-10-19 02:35:41
"Naina | Crew | Diljit Dosanjh, Ft. Badshah | Tabu, Kareena Kapoor Khan, Kriti Sanon | Raj Ranjodh",Music,2024-10-19 02:48:23
Coldplay - The Scientist (Official 4K Video),Music,2024-10-19 02:58:33
Where Are Laid Off Tech Employees Going? | CNBC Marathon,News & Politics,2024-10-19 03:18:22
First Year Marriage Lessons: What I wish I knew?,People & Blogs,2024-10-19 03:52:55
The Problem With Elon Musk,News & Politics,2024-10-19 04:19:46
Elon Musk Learned How to Build SpaceX Just by Reading Books,Education,2024-10-19 04:48:33
05. Analyzing Data Part-1 | Book Recommender System | Machine Learning,Education,2024-10-19 05:05:22
06. Analyzing Data Part-2 | Book Recommender System | Machine Learning,Education,2024-10-19 05:11:22
O Rang Rasiya,Music,2024-10-19 06:29:54
Mahahetvali,Music,2024-10-19 06:39:22
Garba Mashup 2020,Music,2024-10-19 06:43:20
Ghor Andhari,Music,2024-10-19 06:59:44
Marshmello ft. Bastille - Happier (Official Music Video),Music,2024-10-19 07:09:56
Waiting For The End (Official Music Video) [4K Upgrade] - Linkin Park,Music,2024-10-19 07:16:36
Kada Parshad Recipe | Aate Ka Halwa | ‡§ï‡•ú‡§æ ‡§™‡§∞‡§∂‡§æ‡§¶ | ‡§Ü‡§ü‡•á ‡§ï‡§æ ‡§π‡§≤‡§µ‡§æ | Chef Sanjyot Keer,People & Blogs,2024-10-19 10:10:46
Singham Again | Official Trailer | A Rohit Shetty Cop Universe | In Cinemas 1st Nov,Entertainment,2024-10-19 16:56:40
INDIA'S GOT LATENT | EP 01 ft. @raftaarmusic,Entertainment,2024-10-19 17:43:15
INDIA'S GOT LATENT | EP 02 ft. @GamerFleet @JokeSingh @KaranSinghMagic,Gaming,2024-10-19 18:10:44
AMAZING Surprise Disney Proposal! | Localish,Entertainment,2024-10-20 05:18:35
Khayaal,Music,2024-10-20 07:39:48
"Tainu Khabar Nahi (From ""Munjya"")",Music,2024-10-20 07:42:58
Sang Rahiyo (feat. Ujjwal Kashyap),Music,2024-10-20 07:57:35
Mahiya Jinna Sona,Music,2024-10-20 08:47:27
Suniyan Suniyan,Music,2024-10-20 08:56:35
Softly,Music,2024-10-20 10:09:35
Kinni Kinni,Music,2024-10-20 10:17:11
Long Drive,Music,2024-10-20 10:29:32
Makhna,Music,2024-10-20 10:39:15
Imagine Dragons - Bad Liar,Music,2024-10-20 10:48:55
"Kygo, Ava Max - Whatever (Official Video)",Music,2024-10-20 10:57:45
Viceroy's House,Movies,2024-10-20 11:09:06
The Rare Occasions - Notion,Music,2024-10-20 11:12:01
Chand Sifarish,Music,2024-10-20 11:27:12
Maiyya Mainu,Music,2024-10-20 11:31:47
Akhiyaan Gulaab,Music,2024-10-20 12:36:18
Bruno Mars - Just The Way You Are (Official Music Video),Music,2024-10-20 12:58:22
Backstreet Boys - I Want It That Way (Official HD Video),Music,2024-10-20 13:06:33
Owl City - Fireflies (Official Music Video),Music,2024-10-20 13:18:05
Mark Ronson - Uptown Funk (Official Video) ft. Bruno Mars,Music,2024-10-20 13:27:42
Coldplay - Paradise (Official Video),Music,2024-10-20 13:35:33
Hal Kana Mane Dwarika Dekhad,Music,2024-10-20 13:42:15
Naina Da Kya Kasoor,Music,2024-10-20 14:38:24
Bhool Bhulaiyaa,Music,2024-10-20 14:49:28
INDIA'S GOT LATENT | EP 02 ft. @GamerFleet @JokeSingh @KaranSinghMagic,Gaming,2024-10-20 16:45:12
INDIA'S GOT LATENT | EP 03 ft. Urfi Javed @ashishsolanki_1 @yashrajnt,Gaming,2024-10-20 17:30:34
Will We Ever Be Able To Teleport? üòØ w/ Neil deGrasse Tyson,Science & Technology,2024-10-21 05:59:42
The Genius Behind the Vietnam War Tunnels #vietnamwar,People & Blogs,2024-10-21 06:09:03
Eminem PERFORMS Rap God at 52 üò≥üî•,Music,2024-10-21 06:16:54
The Future of Gaming üëæ,People & Blogs,2024-10-21 06:49:33
Tum Kyu Chale Ate Ho (Lofi),Music,2024-10-21 06:59:57
Dekha Ek Khwab - Lofi,Music,2024-10-21 07:01:29
Hua Main Lofi Mix (Remix By Moodyboy),Music,2024-10-21 07:29:57
Meherbani,Music,2024-10-21 07:34:05
Pepsi has my respect ü´°,Music,2024-10-21 14:09:12
INDIA'S GOT LATENT | EP 03 ft. Urfi Javed @ashishsolanki_1 @yashrajnt,Gaming,2024-10-21 17:00:47
Meri selection ho gayi hai | Meme template |,Entertainment,2024-10-21 17:13:12
INDIA'S GOT LATENT | EP 04 ft.  @ComedianMaheepSingh ‚Äã‚Å†@TandonAmit @neetipalta9490,Gaming,2024-10-21 17:40:36
How Samay Raina's latest show India's Got Latent is getting so popular?,People & Blogs,2024-10-22 05:12:18
Tom Cruise outsmarted the entire police force üò≤ #movie #series,People & Blogs,2024-10-22 05:47:40
I Gifted SAMAY RAINA in between üòÇ #indiasgotlatent #samayraina  @SamayRainaOfficial,Entertainment,2024-10-22 06:19:32
Don't Fight the Company Flow,People & Blogs,2024-10-22 06:20:38
Sau Aasmaan,Music,2024-10-22 07:14:28
Don't Be the Volunteer at Work,People & Blogs,2024-10-22 07:49:23
The Psychology of Money in 20 minutes,Education,2024-10-22 08:07:15
How to Handle Office Politics,Education,2024-10-22 09:36:17
India's Got Latent Roasted By Suryansh Tiwari #indiasgottalent #shorts,People & Blogs,2024-10-22 09:49:48
THE RED JUMPSUIT APPARATUS ‚Äì Face Down (Cover by @laurenbabic & @Halocene),Music,2024-10-22 09:59:40
Simple Plan - Jet Lag ft. Natasha Bedingfield (Official Video),Music,2024-10-22 10:07:10
BURN IT DOWN (Official Music Video) [4K Upgrade] - Linkin Park,Music,2024-10-22 10:18:21
Owl City - Fireflies (Official Music Video),Music,2024-10-22 10:28:42
Simple Plan - I'm Just A Kid (Official Video) [HD],Music,2024-10-22 10:36:01
Leave Out All The Rest (Official Music Video) [4K Upgrade] - Linkin Park,Music,2024-10-22 10:46:25
INDIA'S GOT LATENT | EP 04 ft.  @ComedianMaheepSingh ‚Äã‚Å†@TandonAmit @neetipalta9490,Gaming,2024-10-22 15:20:28
Good Morning Pineapple üçç,People & Blogs,2024-10-22 16:06:35
Michael if he was there that night üòÇ #nickiminaj #shorts #viral,People & Blogs,2024-10-23 00:18:18
Scotland's Rotating Marvel | TS |,Science & Technology,2024-10-23 06:29:43
OneRepublic - I Ain‚Äôt Worried (From ‚ÄúTop Gun: Maverick‚Äù) [Official Music Video],Music,2024-10-23 06:38:25
Marshmello ft. Bastille - Happier (Official Music Video),Music,2024-10-23 06:49:30
Axwell /\ Ingrosso - More Than You Know,Music,2024-10-23 06:59:33
Martin Garrix feat. Bonn - High On Life (Official Video),Music,2024-10-23 07:07:19
"Train - Hey, Soul Sister (Official Video)",Music,2024-10-23 07:19:05
Eminem - My Name Is (Official Music Video),Music,2024-10-23 08:29:07
Eminem - The Real Slim Shady (Official Video - Clean Version),Music,2024-10-23 08:33:15
I Really Want to Stay at Your House,Music,2024-10-23 09:27:27
"VXLLAIN, V√òJ, Narvent - Distant Echoes (4K Official Music Video)",Music,2024-10-23 09:39:15
ghost - mary on a cross (sped up + reverb),People & Blogs,2024-10-23 09:56:04
MILLIONAIRE SONG Full Video   @YoYoHoneySingh GLORY BHUSHAN KUMAR,Music,2024-10-23 12:17:01
"Obsessed - Riar Saab, @AbhijaySharma | Official Music Video",Music,2024-10-23 13:08:37
College show gone wrong,Comedy,2024-10-23 13:19:28
King - Tu Aake Dekhle | The Carnival | The Last Ride | Prod. by Shahbeatz | Latest Hit Songs 2020,Music,2024-10-23 13:26:31
Badshah - Jugnu (Official Video) | Nikhita Gandhi | Akanksha Sharma,Music,2024-10-23 13:36:00
INDIA'S GOT LATENT | EP 04 ft.  @ComedianMaheepSingh ‚Äã‚Å†@TandonAmit @neetipalta9490,Gaming,2024-10-23 16:35:04
"T.J. Maxx‚Äôs Recession-Proof Pricing Strategy, Explained | WSJ The Economics Of",News & Politics,2024-10-23 16:44:58
How Modelo Used Data to Become America‚Äôs Top Beer | WSJ The Economics Of,News & Politics,2024-10-23 16:52:33
ODETARI - KEEP UP (Official Visualizer),Music,2024-10-24 05:19:26
How AK 47 was Invented,Entertainment,2024-10-24 05:27:12
We The Kings - Check Yes Juliet,Music,2024-10-24 05:37:49
The Chainsmokers - This Feeling (Official Video) ft. Kelsea Ballerini,Music,2024-10-24 05:49:42
Artemas - i like the way you kiss me (official music video),Music,2024-10-24 05:58:38
Zedd - Beautiful Now ft. Jon Bellion (Official Music Video),Music,2024-10-24 06:08:47
Garand Thumb: Is A Russian Titanium Helmet BulletProof?!  #experiment,People & Blogs,2024-10-24 06:29:49
Get used to DISAPPOINTING WOMEN: consumptive love is never satisfied,People & Blogs,2024-10-24 06:30:32
What men DON'T UNDERSTAND about FEMALE SELECTION: what being high-value does and does not get you,People & Blogs,2024-10-24 06:48:23
ü§î Do Actors Fall in LOVE While Shooting?,People & Blogs,2024-10-24 07:09:10
Be Careful with Female Colleagues - They don't consider your career.,People & Blogs,2024-10-24 07:18:44
"Tu Hain Toh (From ""Mr. And Mrs. Mahi"")",Music,2024-10-24 07:35:55
Tum Se,Music,2024-10-24 07:47:44
Reading and writing in Health Connect,Science & Technology,2024-10-24 07:59:52
Do you ONLY WANT SEX?: what women don't understand about their relationships,People & Blogs,2024-10-24 08:40:50
KEEP UP - Odetari (best part loop),Music,2024-10-24 08:58:51
INDIA'S GOT LATENT | EP 04 ft.  @ComedianMaheepSingh ‚Äã‚Å†@TandonAmit @neetipalta9490,Gaming,2024-10-24 09:59:45
Women PUNISH the men they are ATTRACTED to,People & Blogs,2024-10-24 10:30:58
Malang Sajna,Music,2024-10-24 10:49:19
Dil Jhoom,Music,2024-10-24 10:55:46
Heer Ranjha,Music,2024-10-24 11:05:51
Jashn-E-Bahaaraa,Music,2024-10-24 13:07:51
How did Dubai's fortunes change?  | Nitish Rajput | #shorts,People & Blogs,2024-10-24 13:59:54
Eternxlkz - ENOUGH! (Official Audio),Music,2024-10-24 14:09:06
Vois sur ton chemin (DJ Holanda MONTAGEM CORAL Remix),Music,2024-10-24 14:14:05
How Temu‚Äôs Explosive Growth Is Disrupting American E-Commerce | WSJ,News & Politics,2024-10-24 16:45:00
Jashn-E-Bahaaraa,Music,2024-10-25 05:57:46
BACK2BACK,Music,2024-10-25 06:17:48
"Kratex, Shreyas - Taambdi Chaamdi (Official Music Video)",Music,2024-10-25 06:20:12
Samay raina roast brand manager of spinnyüòÇ‚ò†Ô∏è,People & Blogs,2024-10-25 06:39:41
"Elon Musk on Taxes: ""Taxes, Taxes, Taxes"" - Is the Government Spending Too Much?",People & Blogs,2024-10-25 06:47:02
"CHASHKAKEFIRA, DJ PXRPLE ‚Äì COLLAR!",People & Blogs,2024-10-25 11:19:42
Porter Robinson - KNOCK YOURSELF OUT XD (Official Music Video),Music,2024-10-25 11:28:47
Eternxlkz - FORCE! (Official Audio),Music,2024-10-25 11:39:01
"Love Ni Bhavai - Official Full Movie | Malhar Thakar, Aarohi, Pratik Gandhi | Saandeep Patel",Entertainment,2024-10-25 13:59:22
Omen ü•¥ teleport onto a viper orb glitch // #valorant #shorts #valorantfunny #trending,Gaming,2024-10-26 05:26:44
Make her work for it: don't just hand it over,People & Blogs,2024-10-26 05:40:09
NEXT!,Music,2024-10-26 08:04:16
Say so (Japanese version),People & Blogs,2024-10-26 08:10:31
INDIA'S GOT LATENT | EP 08 ft. @aslipoonampandey @viditchess @vivekmagic ‚Äã‚Å†,Entertainment,2024-10-26 08:48:23
‚ÅâÔ∏èüò±INCIDENT ON INDIAS GOT LATENT MAHEEP SINGH #shorts #samayraina #indiasgotlatent #maheepsingh,Entertainment,2024-10-26 08:58:58
Why India Took A $5 Billion Loan From IMF #shorts,News & Politics,2024-10-26 09:06:48
Best memes on the internet part 9 ü§£ Sabrina Carpenter #shorts #celebrity #funny #memes #fyp,Film & Animation,2024-10-26 09:18:14
INDIA'S GOT LATENT | EP 03 ft. Urfi Javed @ashishsolanki_1 @yashrajnt,Gaming,2024-10-26 09:50:21
INDIA'S GOT LATENT | EP 05 ft. @KunalKamra @AtulKhatriComedian,Gaming,2024-10-26 10:03:34
Sachi ghatnao pe aadharit üò≠üò≠(clip credits: @india‚Äôs got latent,Entertainment,2024-10-26 10:29:59
Maheep Singh Roast Kullu üòÇüòÇ || Ft. @munawar0018,Entertainment,2024-10-26 10:33:47
Thanks a lot everyone for all the love | Naman Arora | India's got latent | Samai Riana,Comedy,2024-10-26 21:19:18
"Ravi Gupta in ROAST MODE | Men, Love, Heartbreak | @raviguptacomedy Podcast | @sadhikasehgal",Entertainment,2024-10-27 07:13:02
NARAK | Stand-up Comedy by Samay Raina,Comedy,2024-10-27 07:27:06
MR BEAST PARODY ü§ë Ft. INDIAN CREATORS | CARRYMINATI,Comedy,2024-10-27 07:39:13
How Do They Build Underwater Tunnels?,News & Politics,2024-10-27 07:47:02
"Tu Hain Toh (From ""Mr. And Mrs. Mahi"")",Music,2024-10-27 13:28:28
Vhalam Aavo Ne,Music,2024-10-27 15:00:29
INDIA'S GOT LATENT | EP 08 ft. @aslipoonampandey @viditchess @vivekmagic ‚Äã‚Å†,Entertainment,2024-10-27 18:01:25
The 5.5 Wealth Killers That No One Talks About...,Education,2024-10-27 18:45:28
3 Quick-fire PROTEIN Shake Recipes! üßã,Howto & Style,2024-10-28 03:19:10
Tere Bin,Music,2024-10-28 05:09:54
Dil Mere,Music,2024-10-28 05:18:08
TERE NAINA,Music,2024-10-28 05:21:38
Roadtrip Mashup,Music,2024-10-28 05:39:45
ODETARI  - KEEP UP [Official Music Video],Music,2024-10-28 06:28:05
Plage Coquillage First kiss song (Unofficial Instrumental),People & Blogs,2024-10-28 06:30:04
CUTE DEPRESSED,Music,2024-10-28 06:43:44
Interlinked (Slowed),Music,2024-10-28 06:56:08
happy lofi music,People & Blogs,2024-10-28 07:01:19
Sappheiros - Daydream,Music,2024-10-28 07:18:21
We The Kings - Check Yes Juliet,Music,2024-10-28 07:29:36
India's Got Latent #indiagotlatent  #samayrainafunnymoments #samayraina #standupcomedy #shorts,Entertainment,2024-10-28 07:35:44
INDIA'S GOT LATENT | EP 05 ft. @KunalKamra @AtulKhatriComedian,Gaming,2024-10-28 07:43:02
INDIA'S GOT LATENT | EP 06 ft. @VipulGoyal @JokeSingh @sonalithakkercomedy,Entertainment,2024-10-28 09:34:29
Mike Demero - Live at Riverside 2024 (Full Set),Music,2024-10-28 11:21:13
Owl City & Carly Rae Jepsen - Good Time (Official Video),Music,2024-10-28 11:57:58
Flo Rida - Club Can't Handle Me ft. David Guetta [Official Music Video] - Step Up 3D,Music,2024-10-28 12:09:45
"Pitbull - Give Me Everything ft. Ne-Yo, Afrojack, Nayer",Music,2024-10-28 12:17:13
Mark Ronson - Uptown Funk (Official Video) ft. Bruno Mars,Music,2024-10-28 12:25:34
Kinni Kinni,Music,2024-10-28 13:27:08
"Tauba Tauba (From ""Bad Newz"")",Music,2024-10-28 13:37:19
Ghost - Mary On A Cross [sped up+lyrics],Music,2024-10-28 13:49:38
Kygo (The Album) - Live From The Troll‚Äôs Tongue,Music,2024-10-28 13:59:49
Fly Karke,Music,2024-10-28 14:00:04
Kuch To Hua Hai,Music,2024-10-28 14:46:36
Tumse Hi Tumse,Music,2024-10-28 14:55:40
KABHI KABHI ADITI,Music,2024-10-28 15:09:38
Yun Hi Chala Chal,Music,2024-10-28 15:13:16
Dhanvantari Gayatri Mantra 108 Times | Dhanteras Special Mantra | Mantra For Wealth And Health,Music,2024-10-28 16:20:28
Japan,Music,2024-10-28 18:02:20
"Who Is She x The Perfect Girl (TikTok Remix) I Monster, Mareux (Lyrics) | oh who is she",Music,2024-10-28 19:07:01
Porter Robinson - Something Comforting (Lyrics) Caslow Remix,Music,2024-10-28 19:19:52
Sound Of Walking Away X Divinity X Shelter (Music Video),Music,2024-10-28 19:23:36
"Narvent, OBLXKQ - Partiality (4K AMV)",Music,2024-10-28 19:38:41
Porter Robinson - Cheerleader (Lyrics) Au5 Flip,Music,2024-10-28 19:46:08
"Kygo, Ava Max - Whatever (Official Video)",Music,2024-10-28 21:03:05
‚úò(NIGHTCORE) Mary On A Cross - Ghost‚úò,Music,2024-10-28 22:29:43
Chalte Chalte,Music,2024-10-29 05:55:42
Suno Na Suno Na,Music,2024-10-29 06:01:07
"How I Saved $650,000 by 29",Howto & Style,2024-10-29 07:25:11
Early Morning Lo-Fi / ‰ΩúÊ•≠Áî® ÂãâÂº∑Áî® BGM 1ÊôÇÈñì / Êúù„Å´ËÅ¥„Åèlofi / SCENE,Music,2024-10-29 07:52:42
Martin Garrix & Troye Sivan - There For You (Official Video),Music,2024-10-29 08:08:52
OneRepublic - I Ain‚Äôt Worried (From ‚ÄúTop Gun: Maverick‚Äù) [Lyric Video],Music,2024-10-29 08:12:33
Why Urfi Javed ü•µ Is Scared Of @SamayRainaOfficialüíÄ? | Wait For End üóø,Entertainment,2024-10-29 09:29:16
"Raataan Lambiyan (From ""Shershaah"")",Music,2024-10-29 09:37:51
Stanford CS224W: ML with Graphs | 2021 | Lecture 2.1 - Traditional Feature-based Methods: Node,Education,2024-10-29 09:49:32
Illenium - Fractures (feat. Nevve),Entertainment,2024-10-29 11:58:15
Sound Of Walking Away X Divinity X Shelter (Music Video),Music,2024-10-29 12:45:34
Porter Robinson - Something Comforting (Lyrics) Caslow Remix,Music,2024-10-29 12:53:07
INDIA'S GOT LATENT | EP 07 ft.  @raviguptacomedy @RahgirLive @comicsaurabh,Gaming,2024-10-29 16:14:53
Male vs Female MMA Fight | N3on,People & Blogs,2024-10-29 17:56:00
"Pierre Poilievre EXPOSES the COST of Justin Trudeau‚Äôs CARBON TAX to SCHOOLS | September 25, 2024",News & Politics,2024-10-29 18:29:59
Leadership Of Narendra Modi üî•ü´° | Donald Trump üí´,Entertainment,2024-10-29 18:39:18
Two SPIES In One Frame üáÆüá≥üá∑üá∫üíÄüî• #shorts #ajitdoval #putin #zelensky #india #modi #russia #geopolitics,People & Blogs,2024-10-29 18:49:29
"All Time Low - Dear Maria, Count Me In (Official Music Video)",Music,2024-10-29 18:51:14
Maheep Paaji roast Bassi üíÄü•µ | Ft @PrakharkePravachan | #shorts #podcast,People & Blogs,2024-10-29 19:08:41
Ashish chanchlani shared his reason of taking break from YT. #ashishchanchlani #shortfeed,People & Blogs,2024-10-29 19:19:37
Oasis - Don‚Äôt Look Back In Anger,Music,2024-10-29 19:29:37
Owl City & Carly Rae Jepsen - Good Time (Official Video),Music,2024-10-29 19:39:49
"Pitbull - Give Me Everything ft. Ne-Yo, Afrojack, Nayer",Music,2024-10-29 19:46:41
Zedd - I Want You To Know ft. Selena Gomez,Music,2024-10-29 19:58:59
Krewella - Alive (Video),Music,2024-10-29 20:08:42
The Script - Hall of Fame (Official Video) ft. will.i.am,Music,2024-10-29 20:19:15
Backstreet Boys - As Long As You Love Me (Official HD Video),Music,2024-10-29 20:26:48
a-ha - Take On Me (Official Video) [Remastered in 4K],Music,2024-10-29 20:36:30
Zedd - Clarity ft. Foxes,Music,2024-10-29 20:47:57
How Trump Dealt With Kim Jong Un,People & Blogs,2024-10-29 21:58:21
Just 6 Minutes of Megumin Loving Kazuma,Entertainment,2024-10-29 22:38:48
The best way to escape a dogüòÇ‚ù§Ô∏è,Entertainment,2024-10-29 22:49:52
[LYRICS] Tristam & Braken - Frame of Mind,Music,2024-10-29 22:56:56
Green Card Options for F1 International Students,People & Blogs,2024-10-29 23:18:39
Ritviz - Sage [Official Music Video],Music,2024-10-29 23:27:29
Shubh - Cheques (Official Video),Music,2024-10-29 23:37:03
O Meri Laila - Lyrical | Laila Majnu | Atif Aslam & Jyotica Tangri | Avinash Tiwary & Tripti Dimri,Music,2024-10-29 23:47:18
Flo Rida - Club Can't Handle Me ft. David Guetta [Official Music Video] - Step Up 3D,Music,2024-10-29 23:56:37
The Chainsmokers - Call You Mine (Official Video) ft. Bebe Rexha,Music,2024-10-30 00:08:42
Avicii vs Nicky Romero - I Could Be The One (Nicktim),Music,2024-10-30 00:18:31
Why Generalists Beat Specialists | Jack of All Trades,People & Blogs,2024-10-30 00:22:45
Tere Bina,Music,2024-10-30 06:46:36
Chot Dil Pe Lagi,Music,2024-10-30 06:59:34
Pani Da Rang (Male Vocals),Music,2024-10-30 07:09:02
AYE KHUDA,Music,2024-10-30 07:18:19
Khudaya Khair,Music,2024-10-30 07:23:00
"Bulleya (From ""Sultan"")",Music,2024-10-30 09:52:54
Protein Salad|Healthy Recipe| #shorts #shortsfeed #shortsviral #protein #viratkohli #ytshorts #salad,People & Blogs,2024-10-30 14:29:54
Don't do this üòÇ buy popcorn from the theatres. #viral #funny #prank #smile,People & Blogs,2024-10-30 14:33:13
"""With what evidence?"" - The Rookie (Season 01 Episode 05)",Film & Animation,2024-10-30 22:58:13
üëÄ Sahiba‚Äôs Relationship with Samay and Kullu‚Ä¶,People & Blogs,2024-10-30 23:29:12
Coldplay - Yellow (Official Video),Music,2024-10-30 23:47:05
Coldplay - Speed Of Sound (Official Video),Music,2024-10-30 23:57:03
Imagine Dragons - Bad Liar,Music,2024-10-31 00:06:02
Imagine Dragons - It's Time (Official Music Video),Music,2024-10-31 00:18:04
Imagine Dragons - On Top Of The World (Official Music Video),Music,2024-10-31 00:29:42
Imagine Dragons - Gold (Official Music Video),Music,2024-10-31 00:37:46
The Red Jumpsuit Apparatus - Face Down,Music,2024-10-31 00:46:45
BURN IT DOWN (Official Music Video) [4K Upgrade] - Linkin Park,Music,2024-10-31 00:57:34
In The End [Official HD Music Video] - Linkin Park,Music,2024-10-31 01:04:29
"Bulleya (From ""Sultan"")",Music,2024-10-31 07:58:04
Tu Aake Dekhle,Music,2024-10-31 08:07:56
Rabba Main Toh Mar Gaya Oye,Music,2024-10-31 08:16:39
"Ranjha (From ""Shershaah"")",Music,2024-10-31 08:26:42
"Mera Yaar (From ""Bhaag Milkha Bhaag"")",Music,2024-10-31 08:38:31
Syko - #BrooklynBloodPop! (prod. Duvaal),People & Blogs,2024-10-31 08:58:21
KEEP UP - Odetari (best part loop),Music,2024-10-31 09:07:06
Porter Robinson - KNOCK YOURSELF OUT XD (Official Music Video),Music,2024-10-31 09:18:58
"Tum Kya Mile (From ""Rocky Aur Rani Kii Prem Kahaani"")",Music,2024-10-31 13:07:10
Dil Dhadakne Do,Music,2024-10-31 13:11:48
Dil Chahta Hai,Music,2024-10-31 13:48:43
"Ve Kamleya (From ""Rocky Aur Rani Kii Prem Kahaani"")",Music,2024-10-31 14:07:31
"Tainu Khabar Nahi (From ""Munjya"")",Music,2024-10-31 14:19:54
INDIA'S GOT LATENT | EP 09 ft. @DeepakKalal @MananDesai @stanboss1,Gaming,2024-10-31 16:22:12
DEV - Naked ft. Enrique Iglesias,Music,2024-10-31 17:29:25
Owl City & Carly Rae Jepsen - Good Time (Official Video),Music,2024-10-31 17:39:46
Enrique Iglesias - I Like It (Official Music Video),Music,2024-10-31 17:46:38
Flo Rida - Club Can't Handle Me ft. David Guetta [Official Music Video] - Step Up 3D,Music,2024-10-31 17:50:31
The Chainsmokers - Paris (Official Video),Music,2024-10-31 18:07:55
Britney Spears - Till The World Ends (Official Video),Music,2024-10-31 18:16:15
Britney Spears - I Wanna Go (Official Video),Music,2024-10-31 18:20:11
Eternxlkz - ENOUGH! (Official Audio),Music,2024-10-31 18:37:54
Ke$ha - TiK ToK (Official HD Video),Music,2024-10-31 18:47:43
Stereo Love (Extended Mix),Music,2024-10-31 18:58:37
PSYQUI - „Éí„Çπ„ÉÜ„É™„ÉÉ„ÇØ„Éä„Ç§„Éà„Ç¨„Éº„É´ feat. Such (android52 Edit),Music,2024-10-31 19:35:46
Ab Boloüî• | Neet Results 2024 !! AIR 1 from PW !! #shorts #viral #new #alakhpandey #neet #neet2024,People & Blogs,2024-10-31 19:49:56
"""Hottest spider man"" - andrew garfield edit | gata only (slowed)",Entertainment,2024-10-31 19:50:18
SUBSCRIBE PLS√∑√∑IAS OFFICERüëÆ||RENDOM GIRL IAS|| IAS POWER‚ö°üí™|| #iasmotivation #ias #shorts #viralvideo,Education,2024-10-31 20:59:48
‡§ú‡•á‡§≤ ‡§Æ‡•á‡§Ç ‡§ï‡•ç‡§Ø‡§æ ‡§π‡•ã‡§§‡§æ ‡§π‡•à üò±üò∞ || @rajshamani #viralvideo #motivation #rajshamanipodcast #shortvideos,Entertainment,2024-10-31 21:09:57
Heidi Montag - I'll Do It (Sped Up Version),Music,2024-10-31 21:18:02
ODETARI  - KEEP UP [Official Music Video],Music,2024-10-31 21:28:51
STEREO LOVE FUNK,Entertainment,2024-10-31 21:39:19
The Midnight - Los Angeles,People & Blogs,2024-10-31 21:47:28
Hass Hass (Official Video) Diljit X Sia,Music,2024-10-31 21:59:08
O Sajna (Official Video) - Badshah X DIVINE X Nikhita Gandhi | Ek THA RAJA,Music,2024-10-31 22:07:48
The Weeknd - Starboy ft. Daft Punk (Official Video),Music,2024-10-31 22:15:47
King - Tu Aake Dekhle | The Carnival | The Last Ride | Prod. by Shahbeatz | Latest Hit Songs 2020,Music,2024-10-31 22:26:38
BROWN MUNDE - AP DHILLON | GURINDER GILL | SHINDA KAHLON (Official Music Video),Music,2024-10-31 22:38:58
I Really Want to Stay at Your House,Music,2024-10-31 22:46:23
Narvent - Her Eyes (4K Music Video),Music,2024-10-31 22:57:29
Sweater Weather,Music,2024-10-31 23:07:56
Deorro ft. DyCy - Five Hours (Don't Hold Me Back) [Radio Edit],Entertainment,2024-10-31 23:17:51
The Chainsmokers - I Love U,Music,2024-10-31 23:29:06
Samay Ko Hi Pel Diya...üíÄüíÄ‚ò†Ô∏èüî•üî•üî•üî•üî•,Music,2024-11-01 10:39:35
The Two Lions of India üáÆüá≥üî• #shorts #jaishankar #geopolitics #india #modi #bharat #usa #russia #quad,People & Blogs,2024-11-01 10:45:36
Akon Surprised by Eminem‚Äôs Simple Daily Routine,People & Blogs,2024-11-01 14:49:26
They Reunited Again Years Later.. ü•π,Entertainment,2024-11-01 14:58:44
Syko - #BrooklynBloodPop - MUSIC ONLY - (BASS BOOSTED),Music,2024-11-01 15:09:41
Ocean Blue,Music,2024-11-01 15:17:19
Narvent - Her Eyes (4K Music Video),Music,2024-11-01 15:29:43
NCTS - NEXT!,Music,2024-11-01 15:39:15
AVANGARD (Slowed),Music,2024-11-01 15:49:30
Daughter - Medicine (Sound Remedy Remix),Entertainment,2024-11-01 15:59:13
Tove Lo - Habits (Stay High) - Hippie Sabotage Remix,Music,2024-11-01 16:26:12
Britney Spears - I Wanna Go (Official Video),Music,2024-11-01 16:39:53
Owl City & Carly Rae Jepsen - Good Time (Official Video),Music,2024-11-01 16:44:03
Are You Willing to Pay the Price of Greatness?,People & Blogs,2024-11-01 16:54:53
Eminem - My Name Is (Official Music Video),Music,2024-11-01 17:05:55
‡§π‡§∞ ‡§è‡§ï Ministry ‡§Æ‡•á‡§Ç ‡§¨‡§ú‡§§‡§æ ‡§π‡•à ‡§Ø‡•Ä‡§∂‡•Å ‡§Æ‡§∏‡•Ä‡§π ‡§ï‡§æ ‡§Ø‡•á ‡§≠‡§ú‡§® | #Deewana Bana Diya | ‡§¶‡•Ä‡§µ‡§æ‡§®‡§æ ‡§¨‡§®‡§æ ‡§¶‡§ø‡§Ø‡§æ | #Suraj Kumar,People & Blogs,2024-11-01 18:51:16
THE KESHAV JHA üíÄ Ft. India's Got Latent | Samay Raina | Arpit Bala | India Got Latent | #shorts,People & Blogs,2024-11-01 19:47:12
DORA Community Discussion - AI Adoption,Science & Technology,2024-11-01 21:13:18
BURN IT DOWN (Official Music Video) [4K Upgrade] - Linkin Park,Music,2024-11-01 21:39:38
blink-182 - I Miss You (Official Video),Music,2024-11-01 21:46:20
LOST IN THE ECHO [Official Music Video] - Linkin Park,Music,2024-11-01 21:59:02
Somewhere I Belong (Official Music Video) [4K UPGRADE] ‚Äì Linkin Park,Music,2024-11-01 22:06:41
Imagine Dragons - Whatever It Takes (Official Music Video),Music,2024-11-01 23:19:24
"The Kid LAROI, Justin Bieber - STAY (Official Video)",Music,2024-11-01 23:27:36
Backstreet Boys - Everybody (Backstreet's Back) (Official HD Video),Music,2024-11-01 23:34:17
Marshmello ft. Bastille - Happier (Official Music Video),Music,2024-11-01 23:48:16
Vicetone - Nevada (ft. Cozi Zuehlsdorff),Entertainment,2024-11-01 23:56:50
Swedish House Mafia ft. John Martin - Don't You Worry Child (Official Video),Music,2024-11-02 00:04:37
Imagine Dragons - On Top Of The World (Official Music Video),Music,2024-11-02 00:27:16
Nadia Ali - Rapture (Avicii Remix) [Official Music Video],Entertainment,2024-11-02 00:35:57
Axwell Œõ Ingrosso - Something New (Lyric Video),Music,2024-11-02 00:47:03
Avicii vs Nicky Romero - I Could Be The One (Nicktim),Music,2024-11-02 00:58:03
Zedd - I Want You To Know ft. Selena Gomez,Music,2024-11-02 01:06:04
Martin Garrix feat. Bonn - High On Life (Official Video),Music,2024-11-02 01:17:41
"David Guetta - Play Hard ft. Ne-Yo, Akon (Official Video)",Music,2024-11-02 01:29:16
David Guetta & Bebe Rexha - I'm Good (Blue) [Live Performance],Music,2024-11-02 01:37:12
Gryffin & Slander - All You Need To Know ft. Calle Lehmann (Official Music Video),Music,2024-11-02 01:43:35
Major Lazer & DJ Snake - Lean On (feat. M√ò) [Official Music Video],Music,2024-11-02 01:59:05
Avicii - Levels,Music,2024-11-02 02:09:56
Edward Maya feat. Vika Jigulina - Desert Rain (Official Video),Music,2024-11-02 02:19:51
Calvin Harris - Sweet Nothing (Official Video) ft. Florence Welch,Music,2024-11-02 02:27:12
Kygo - Firestone ft. Conrad Sewell (Official Video),Music,2024-11-02 02:39:05
Martin Garrix & Dua Lipa - Scared To Be Lonely (Official Video),Music,2024-11-02 02:49:43
will.i.am - Scream & Shout ft. Britney Spears,Music,2024-11-02 02:57:06
Capital Cities - Safe And Sound,Music,2024-11-02 03:08:52
"Martin Garrix, Matisse & Sadko - Forever (Official Music Video)",Music,2024-11-02 03:16:23
Avicii - Hey Brother (Lyric),Music,2024-11-02 03:26:50
Zedd - Clarity ft. Foxes,Music,2024-11-02 03:38:30
Condoriano  ;) #shorts #onepiece #onepieceedit #usopp #zoro #shortvideo,People & Blogs,2024-11-02 11:18:53
Enemy (from the series Arcane League of Legends),Music,2024-11-02 11:47:00
Eminem - Till I Collapse,Music,2024-11-02 11:58:02
Roadtrip Mashup,Music,2024-11-02 12:28:42
"Aaj Ki Raat (From ""Stree 2"")",Music,2024-11-02 12:39:59
Chaleya,Music,2024-11-02 12:46:49
Jaana Samjho Na,Music,2024-11-02 12:59:20
Heeriye (feat. Arijit Singh),Music,2024-11-02 13:09:01
Yimmy Yimmy,Music,2024-11-02 13:15:34
MILLIONAIRE SONG (Full Video): @YoYoHoneySingh  | GLORY | BHUSHAN KUMAR,Music,2024-11-02 13:27:07
Eminem - Not Afraid,Music,2024-11-02 13:34:55
Ishq Jaisa Kuch,Music,2024-11-02 13:45:59
Imran Khan - Amplifier (Official Music Video),Music,2024-11-02 13:58:28
"Kratex, Shreyas - Taambdi Chaamdi (Official Music Video)",Music,2024-11-02 15:37:52
Artemas - i like the way you kiss me (official music video),Music,2024-11-02 15:47:47
"Enrique Iglesias - Bailando ft. Sean Paul, Descemer Bueno, Gente De Zona",Music,2024-11-02 15:58:37
Enrique Iglesias - Rhythm Divine,Music,2024-11-02 16:07:26
Eminem - Rap God (Explicit),Music,2024-11-02 16:14:47
In The End [Official HD Music Video] - Linkin Park,Music,2024-11-02 16:25:33
"The Harder You Try, The Worse It Gets | Law of Reversed Effort",Education,2024-11-02 20:14:00
DEV - Naked ft. Enrique Iglesias,Music,2024-11-02 20:37:32
We Rise,Music,2024-11-02 20:46:53
DJ Snake - Let Me Love You ft. Justin Bieber,Music,2024-11-02 20:58:45
Calvin Harris & Alesso - Under Control (Official Video) ft. Hurts,Music,2024-11-02 21:37:01
Edward Maya - Stereo Love (Remix - extended version),Music,2024-11-02 21:41:08
Wait for lastüòÖ judges reactionü§Øüò≤ #shorts #indianidol15 #wowvoice #indianidol12 #indianidolreels,Music,2024-11-02 23:07:34
yeh fitoor mera (slowed + reverb),Music,2024-11-02 23:17:43
"Pashmina - Full Song | Fitoor | Aditya Roy Kapur, Katrina Kaif | Amit Trivedi",Music,2024-11-02 23:27:34
"Rockstar: Tum Ho (Lyrical Video) Song | Ranbir Kapoor | Nargis | A R Rahman, Mohit Chauhan, Kavita",Music,2024-11-02 23:39:55
"Lyrical Video: Dildara Song | Ra.One | ShahRukh Khan, Kareena Kapoor",Music,2024-11-02 23:44:29
We Rise,Music,2024-11-03 00:46:52
Swedish House Mafia ft. John Martin - Don't You Worry Child (Official Video),Music,2024-11-03 00:58:32
Montagem Mysterious Game,Music,2024-11-03 01:09:10
MILLIONAIRE SONG (Full Video): @YoYoHoneySingh  | GLORY | BHUSHAN KUMAR,Music,2024-11-03 01:17:01
Alok & Alan Walker - Headlights (feat. KIDDO) [Official Lyric Video],Music,2024-11-03 01:28:14
"Kratex, Shreyas - Taambdi Chaamdi (Official Music Video)",Music,2024-11-03 01:36:25
Porter Robinson - KNOCK YOURSELF OUT XD (Official Music Video),Music,2024-11-03 01:48:45
I Really Want to Stay at Your House,Music,2024-11-03 01:58:09
Beautiful Now,Music,2024-11-03 02:06:29
Flo Rida - Club Can't Handle Me ft. David Guetta [Official Music Video] - Step Up 3D,Music,2024-11-03 02:19:52
"Pitbull - Give Me Everything ft. Ne-Yo, Afrojack, Nayer",Music,2024-11-03 02:23:58
"Yeh Fitoor Mera - Full Video | Fitoor | Aditya Roy Kapur, Katrina Kaif | Arijit Singh | Amit Trivedi",Music,2024-11-03 11:26:33
DIL NU - AP DHILLON | SHINDA KAHLON (Official Audio),Music,2024-11-03 11:36:29
Wind Shear,Music,2024-11-03 11:49:49
Stereo Love,Music,2024-11-03 12:37:51
Five More Hours,Music,2024-11-03 13:48:08
Millionaire,Music,2024-11-03 13:59:08
Cheques,Music,2024-11-03 14:02:33
Insane,Music,2024-11-03 14:38:28
Check It Out,Music,2024-11-03 14:45:17
MrBeast And Logan Said This On IShowSpeed #podcast #ishowspeed #shorts,People & Blogs,2024-11-03 20:29:55
üíÄBro made me cast the forbidden spell in War of Wizards #vrgame #vrgaming #quest2 #jamesplaysvr #vr,Gaming,2024-11-03 20:39:51
Taylor Swift TROLLS Kanye after being interrupted ü§£,Music,2024-11-03 20:49:20
HE MADE A HUGE MISTAKE‚Ä¶,Entertainment,2024-11-03 20:59:06
Ladai Ho Gayiüò±üò®üò∞üò°‚òùüèΩWatch Full Video‚òùüèΩ#short #shorts #viral,Comedy,2024-11-03 21:09:42
Neil & Sara Imari Walker Discuss New Theories on The Origins of Life in the Universe,Science & Technology,2024-11-03 21:13:36
Lucid Dreaming Music - The Original and Most Effective Lucid Dreaming Music Ever Created!,Music,2024-11-04 01:06:38
"Sajdaa (From ""My Name Is Khan"")",Music,2024-11-04 07:49:38
How Eminem Completely Dismantled MGK ‚ò†Ô∏è,People & Blogs,2024-11-04 09:28:34
Skrillex - Summit (feat. Ellie Goulding) [Video by Pilerats],Music,2024-11-04 09:39:26
AVANGARD (Slowed),Music,2024-11-04 09:49:41
Ogryzek - GLORY (Official Visualiser),People & Blogs,2024-11-04 09:53:00
Saajna,Music,2024-11-04 10:07:15
Jaan Ban Gaye,Music,2024-11-04 10:19:32
6arelyhuman - Faster N Harder (w/ asteria & kets4eki) [Official Lyric Video],Music,2024-11-04 10:28:29
Eminem - Without Me (Official Music Video),Music,2024-11-04 10:36:32
Pitbull - Rain Over Me ft. Marc Anthony,Music,2024-11-04 10:46:24
The Dirty Business Behind Caffeine,Entertainment,2024-11-04 12:17:50
Why You Should Not Do Well In Your Career ? |@SangoLifeSutras |@GurujiFromGurugram,People & Blogs,2024-11-04 12:33:58
üòç When Vikrant Massey Was on Disney Channel‚Ä¶,People & Blogs,2024-11-04 12:59:36
Porter Robinson - Cheerleader (Official Music Video),Music,2024-11-04 13:07:10
Porter Robinson - Something Comforting (Official Music Video),Music,2024-11-04 13:18:32
Porter Robinson - KNOCK YOURSELF OUT XD (Official Music Video),Music,2024-11-04 13:23:01
2 ways simple & healthy khichdi recipe - moong dal khichdi & mix veg masala khichdi restaurant style,People & Blogs,2024-11-04 17:54:17
Dal Khichdi Without Cooker Simple and Easy to Make #YouTubeShorts #Shorts #Viral #KhichdiRecipe,Howto & Style,2024-11-04 19:08:03
Love At First SightüëÄ,Entertainment,2024-11-04 19:51:15
ODETARI  - KEEP UP [Official Music Video],Music,2024-11-04 20:52:52
Syko - #BrooklynBloodPop! (prod. Duvaal),People & Blogs,2024-11-04 21:03:58
Why We Lose,Music,2024-11-04 21:56:47
ÂªªÂªªÂ•áË≠ö - Eve MV,Music,2024-11-04 22:08:09
Galileo Galilei - Aoi Shiori,Music,2024-11-04 22:12:22
"Vicke Blanka - Black Catcher (Anime music video, TV anime„ÄåBlack Clover„ÄçOP10 Theme)",Music,2024-11-04 22:29:27
Galileo Galilei √ó Porter Robinson„Äé„Çµ„Éº„ÇØ„É´„Ç≤„Éº„É†(ANOHANA Ver.)„Äè,Music,2024-11-04 22:37:01
Lucid Dreaming Music - The Original and Most Effective Lucid Dreaming Music Ever Created!,Music,2024-11-05 01:15:29
"O Rangrez (From ""Bhaag Milkha Bhaag"")",Music,2024-11-05 07:45:12
Dooriyan,Music,2024-11-05 07:59:55
Iktara,Music,2024-11-05 08:05:32
RANGEENI - Music Video | Amit Trivedi x Jubin Nautiyal x Hansika Pareek x Amitabh Bhattacharya,Music,2024-11-05 08:19:42
Ve Haaniyaan - Official Video | Ravi Dubey & Sargun Mehta | Danny | Avvy Sra | Dreamiyata Music,Music,2024-11-05 08:26:55
"Tu Hain Toh | Mr. & Mrs. Mahi | Rajkummar Rao, Janhvi Kapoor | Hunny, Bunny, Sagar | Team Jaani",Music,2024-11-05 08:37:48
Anuv Jain - HUSN (Official Video),Music,2024-11-05 08:47:40
"Apna Bana Le - Bhediya | Varun Dhawan, Kriti Sanon| Sachin-Jigar, Arijit Singh, Amitabh Bhattacharya",Music,2024-11-05 08:57:36
"RANGISARI (Video) | JugJugg Jeeyo | Varun D, Kiara A, Anil K, Neetu K | Kanishk & Kavita |",Music,2024-11-05 09:07:15
"ROCKSTAR: Phir Se Ud Chala (Full Song) | Ranbir Kapoor, Nargis Fakhri | A. R. Rahman, Mohit Chauhan",Music,2024-11-05 09:18:27
Moti Veraana | New Navratri Song 2020 | Songs of Faith | Amit Trivedi feat. Osman Mir | AT Azaad,Music,2024-11-05 09:26:33
Aankhon Mein Teri Ajab Si (Lyrical) Om Shanti Om | K.K. | Shahrukh Khan | Deepika Padukone,Music,2024-11-05 09:38:54
"Teri Hogaiyaan - Lyrical | Broken But Beautiful Season 2 | Vikrant Massey, Harleen S | Vishal Mishra",Music,2024-11-05 10:37:56
"Jaadui (Song) Tu Jhoothi Main Makkaar | Ranbir, Shraddha | Pritam | Jubin Nautiyal | Amitabh B",Music,2024-11-05 10:46:49
"Jubin Nautiyal: Shri Krishna Govind Hare Murari | Raaj Aashoo, Murali A | Bhushan Kumar | T-Series",Music,2024-11-05 10:59:07
#GulabiSadi ( ‡§ó‡•Å‡§≤‡§æ‡§¨‡•Ä ‡§∏‡§æ‡§°‡•Ä ) | Official #video | Sanju Rathod | G-Spark | Prajakta | #marathi Song,Music,2024-11-05 11:09:17
"Malang Sajna (Video) Sachet Tandon, Parampara Tandon | Adil Shaikh, Kumaar | Bhushan Kumar",Music,2024-11-05 11:19:17
Jaan Nisaar - Lyrical | Kedarnath| Arijit Singh | Sushant Singh Rajput | Sara Ali Khan| Amit Trivedi,Music,2024-11-05 11:29:16
How to make Moong Dal | #BackToBasics | Sanjeev Kapoor Khazana,Howto & Style,2024-11-05 12:06:42
Porter Robinson - Something Comforting (Official Music Video),Music,2024-11-05 12:18:15
King Gnu - ‰∏ÄÈÄî,Music,2024-11-05 12:27:55
Easy Air Fryer Crispy Potatoes! #airfryerrecipes,Howto & Style,2024-11-05 15:49:59
aloo tikki recipe | aloo ki tikki | ‡§ï‡•Å‡§∞‡§ï‡•Å‡§∞‡•Ä ‡§Ü‡§≤‡•Ç ‡§ü‡§ø‡§ï‡•ç‡§ï‡•Ä | aloo patties | potato tikki,People & Blogs,2024-11-05 15:52:27
How To Make Moong Dal Recipe ‚Ä¢ Lentil Curry Recipe ‚Ä¢ How To Make Dal ‚Ä¢ Yellow Moong Dal ‚Ä¢ Mung Dal,Howto & Style,2024-11-05 18:27:56
Vivek turning against the Indians? üò¨,People & Blogs,2024-11-05 18:39:18
Prashant bhaiya Gangster Mood On üî•üíÄ||Prashant kirad||#class10  #study #shorts #viral #trending,People & Blogs,2024-11-05 18:41:56
A-Wall - Loverboy (Lyrics) | kill the lights so baby close your eyes,Music,2024-11-05 19:27:01
"Beyond Words - Future/Melodic Bass + Progressive House (ft. ILLENIUM, Slander, Martin Garrix + More)",Music,2024-11-05 19:30:47
PM Modi congratulates Trump on victory: What‚Äôs next for India-US relations?,News & Politics,2024-11-06 08:36:58
Carry ki video ke liye kitne paise mile?ü§î #triggeredinsaan #carryminati #shorts #shortfeed #ytshorts,People & Blogs,2024-11-06 08:49:52
Unlock the Hidden Mindsets That Shape Great Leadership,People & Blogs,2024-11-06 08:50:46
Salman khan Evaluation | 2002 to 2023 | #shorts #salmankhan #viral,Entertainment,2024-11-06 09:26:22
Honestly Saying Podcast With : #ashishchanchlani  #podcast #viralvideo,Entertainment,2024-11-06 09:49:49
Porter Robinson - Cheerleader (Official Music Video),Music,2024-11-06 09:54:59
The Midnight - Los Angeles,People & Blogs,2024-11-06 10:07:52
Artemas - i like the way you kiss me (official music video),Music,2024-11-06 10:17:28
Syko - #BrooklynBloodPop! (prod. Duvaal),People & Blogs,2024-11-06 10:28:33
Porter Robinson - KNOCK YOURSELF OUT XD (Official Music Video),Music,2024-11-06 10:59:15
Porter Robinson - Something Comforting (Official Music Video),Music,2024-11-06 11:02:28
"Trump Wins, Returns As President To Oval Office| 5 Reasons Behind Victory| Why Kamala Harris Lost?",News & Politics,2024-11-06 17:59:00
The Mystery of Eminem's Name üòÆ,People & Blogs,2024-11-06 18:09:29
Did Modi really kill black money in India? : Economic case study,Education,2024-11-06 18:17:50
Heidi Montag - I'll Do It (Sped Up Version),Music,2024-11-06 19:57:52
I'll do it x Metamorphosis (PHONK REMIX by CX1MERA),People & Blogs,2024-11-06 20:04:23
PSYQUI - „Éí„Çπ„ÉÜ„É™„ÉÉ„ÇØ„Éä„Ç§„Éà„Ç¨„Éº„É´ feat. Such (android52 Edit),Music,2024-11-06 20:13:48
KANA-BOON - Silhouette,Music,2024-11-06 20:42:22
ÂªªÂªªÂ•áË≠ö - Eve MV,Music,2024-11-06 21:16:41
RADWIMPS - ÂâçÂâçÂâç‰∏ñ (movie ver.) [Official Music Video],Music,2024-11-06 21:21:44
"[Playlist] Îì§ÏúºÎ©¥ ÌõÑÏú†Ï¶ù Ïú†Î∞úÌïòÎäî ÎÑàÏùò Ïù¥Î¶ÑÏùÄ, ÎÇ†Ïî®Ïùò ÏïÑÏù¥ OST Î™®Ïùå {radwimps}",People & Blogs,2024-11-06 21:35:47
"ùêèùê•ùêöùê≤ùê•ùê¢ùê¨ùê≠ | Ïï†ÎãàOST ÌïúÍµ≠Ïñ¥ Í∞ÄÏÇ¨ Ìè¨Ìï® (ÎÑàÏùò Ïù¥Î¶ÑÏùÄ, ÎÇ†Ïî®Ïùò ÏïÑÏù¥, Ïä§Ï¶àÎ©îÏùò Î¨∏Îã®ÏÜç)",Music,2024-11-06 21:57:25
Jaan Nisaar - Lyrical | Kedarnath| Arijit Singh | Sushant Singh Rajput | Sara Ali Khan| Amit Trivedi,Music,2024-11-07 06:48:21
Namo Namo - Lyrical | Kedarnath | Sushant Rajput | Sara Ali Khan | Amit Trivedi | Amitabh B,Music,2024-11-07 06:57:38
"LUDO: Aabaad Barbaad (Full VIdeo) Abhishek B, Aditya K, Rajkummar R, Sanya, Fatima | Arijit, Pritam",Music,2024-11-07 07:18:33
"MONTA RE LOOTERA LYRICAL VIDEO | RANVEER SINGH, SONAKSHI SINHA",Music,2024-11-07 07:28:39
Blockbuster | Coke Studio Pakistan | Season 15 | Faris Shafi x Umair Butt x Gharwi Group,Music,2024-11-07 07:38:16
Antar Mann | Udan Chhoo | Aarohi | Aarjav T | Siddharth Bhavsar | Madhubanti Bagchi |Bhargav Purohit,Music,2024-11-07 07:59:52
MITRAZ - Khayaal (Official Audio),Music,2024-11-07 08:08:29
Chaudhary Lyric Video - Mame Khan | Amit Trivedi,Music,2024-11-07 08:14:32
JUST CHATTING NOW  VALO LATER!‚ù§Ô∏è#shorts #shortslive #shortsfeed,Entertainment,2024-11-07 11:59:58
I LOST MY CAT!!üò∞ #honestfeedback #vodka #foodvlog #foodreview #foodie #snacks #shorts #funny #food,Gaming,2024-11-07 12:03:33
Biden's Accusation: What President Trump Did,Music,2024-11-07 17:09:52
Every anime lover should watch this ‚ù§Ô∏è/me#anime#demonslayer#animeaward,People & Blogs,2024-11-07 17:18:21
Amitabh Bachchan's Journey: From Bankruptcy to Bollywood Legend üåü,People & Blogs,2024-11-07 18:23:30
[Playlist] Ïö∞Î¶∞ Íº≠ ÎßåÎÇ†Í±∞Í≥† Í¥úÏ∞ÆÏïÑÏßÄÍ≤†ÏßÄ Í∑∏Î¶¨Í≥† Í∑∏ ÏàúÍ∞ÑÏùÑ ÏòÅÏõêÌûà ÏûäÏßÄ ÏïäÏùÑÍ±∞Ïïº‚ú®|RADWIMPS| Ïã†Ïπ¥Ïù¥ ÎßàÏΩîÌÜ† Í∞êÎèÖ _ÎÑàÏùò Ïù¥Î¶ÑÏùÄ. ÎÇ†Ïî®Ïùò ÏïÑÏù¥ Ïä§Ï¶àÎ©îÏùò Î¨∏Îã®ÏÜç OST,Entertainment,2024-11-07 18:38:44
What Your Brain Is Really Doing When You're Doing 'Nothing': Default Mode Network,Science & Technology,2024-11-07 18:47:32
Planning a Performance for Your Sangeet? Watch this First,People & Blogs,2024-11-07 18:59:56
OneRepublic - Nobody (from Kaiju No. 8) [Official Lyric Video],Music,2024-11-07 19:09:07
Martin Garrix & Dua Lipa - Scared To Be Lonely (Official Video),Music,2024-11-07 19:17:41
Crystal Skies & Fairlane - All To You (ft. Micah Martin) [Official Lyric Video],Entertainment,2024-11-07 19:24:52
The Chainsmokers - Paris (Official Video),Music,2024-11-07 19:36:33
DEEPAK KALAL Say about CARRYMINATI and RAKHI SAWANT üëÄü§ë | @Puchtaach #shorts #deepakkalal #viral,People & Blogs,2024-11-07 21:48:28
Porter Robinson - Something Comforting (Official Music Video),Music,2024-11-07 21:57:08
We Rise,Music,2024-11-07 22:09:25
Interlinked,Music,2024-11-07 22:17:52
Daughter - Medicine (Sound Remedy Remix),Entertainment,2024-11-07 22:23:51
a-ha - Take On Me (Official Video) [Remastered in 4K],Music,2024-11-07 22:37:21
Narvent - Her Eyes (4K Music Video),Music,2024-11-07 23:08:59
Riddhi Patelü§° Vs California Councilüî•|#shorts #riddhipatel #california #india #gandhi,People & Blogs,2024-11-07 23:19:30
ÂªªÂªªÂ•áË≠ö - Eve MV,Music,2024-11-07 23:26:35
Porter Robinson - Look at the Sky (Official Lyric Video),Music,2024-11-07 23:38:49
RADWIMPS - ÂâçÂâçÂâç‰∏ñ (movie ver.) [Official Music Video],Music,2024-11-07 23:49:39
ASIAN KUNG-FU GENERATION - Haruka Kanata,Music,2024-11-07 23:59:03
Porter Robinson - Russian Roulette (Official Lyric Video),Music,2024-11-08 00:08:52
DAOKO √ó Á±≥Ê¥•ÁéÑÂ∏´„ÄéÊâì‰∏äËä±ÁÅ´„ÄèMUSIC VIDEO,Music,2024-11-08 00:19:45
"Nicky Youre, dazy - Sunroof (Official Music Video)",Music,2024-11-08 00:27:58
„É≠„ÇØ„Éá„Éä„Ç∑„Äå„Åü„Å†Â£∞‰∏Ä„Å§„Äç/ Rokudenashi - One Voice„ÄêOfficial Music Video„Äë,Music,2024-11-08 00:39:09
Los Angeles,Music,2024-11-08 00:46:10
He thought everyone hates himü§£ü§£ [Hands kun] | Daarin anime,People & Blogs,2024-11-08 00:58:45
Musk on how it works in Hollywood and entertainment,People & Blogs,2024-11-08 01:09:31
Biden is Trying To Help Trump Win,People & Blogs,2024-11-08 01:18:52
It‚Äôs so nice that she laughs at a meme about her #taylorswift #taylorswiftedit,Music,2024-11-08 01:22:35
The Night TRUMP defeated ISIS ‚ò†Ô∏èüòÇ Shane Gillis Beautiful Dogs Nexflix Special,Entertainment,2024-11-08 02:58:28
"Dekhha Tenu | Mr. & Mrs. Mahi | Rajkummar Rao, Janhvi Kapoor | Mohd. Faiz | Jaani | Aadesh S| Sameer",Music,2024-11-08 12:29:31
"Beautiful - Full Video | Goodbye | Amitabh Bachchan, Rashmika Mandanna, Neena G | Amit T, Swanand K",Music,2024-11-08 12:38:50
Mera Safar ‚Äì @IqlipseNova  | Trending Song 2022,Music,2024-11-08 12:49:59
"Vivek Ramaswamy Sends Blunt Messages To Illegal Immigrants, Gen Z, And More At Trump's MSG Rally",News & Politics,2024-11-08 14:24:36
The Sound of dial-up Internet,Science & Technology,2024-11-09 01:37:31
GPS,Music,2024-11-09 02:49:49
WWE let bodies hit the floor,Entertainment,2024-11-09 03:05:03
WWE ECW Intro 2006 [HD],Entertainment,2024-11-09 03:13:03
Shelter,Music,2024-11-09 03:55:02
River of Darkness,Music,2024-11-09 04:06:10
Taal Se Taal,Music,2024-11-09 08:28:30
Rehnaa Hai Tere Dil Mein,Music,2024-11-09 08:36:13
San Sanana,Music,2024-11-09 08:41:21
Check It Out,Music,2024-11-09 10:20:18
Hallucinating,Music,2024-11-09 10:37:47
Imagine Dragons - Bad Liar,Music,2024-11-09 10:42:24
Donald Trump's SHOCKING impact on India? : Geopolitical Case study,Education,2024-11-09 10:51:24
Can Modi 3.0 beat Germany? : Indian economic case study,Education,2024-11-09 11:05:07
Britney Spears - Till The World Ends (Official Video),Music,2024-11-09 11:38:34
Avril Lavigne - Complicated (Official Video),Music,2024-11-09 11:45:55
Digital Farm Animals x Shaun Frank x Dragonette - Tokyo Nights,Entertainment,2024-11-09 11:53:04
Nissan Versa radio removal 2007-2011 also 2012 Hatchback,Autos & Vehicles,2024-11-09 12:16:06
How to Install a Car Stereo (Headunit) with Bluetooth,Autos & Vehicles,2024-11-09 12:26:50
2008-2012 Nissan Versa Radio Install,Autos & Vehicles,2024-11-09 12:39:23
How To QUICK FIX 3.5 mm audio input jack one or both side not working | ZOOM H1- ROYTECTIPS |,Science & Technology,2024-11-09 12:58:51
Aura of || Major Imliakum Keitzarüòé||  4th Battalion of the 4th Gorkha Rifles üí™üèª‚ò†Ô∏è,People & Blogs,2024-11-09 13:05:30
Lao Tzu‚Äôs Secrets to Stress-Free Living | Taoist Philosophy,Education,2024-11-09 18:32:12
Optimum Pride Original Meme TikTok (Full),Entertainment,2024-11-09 18:44:10
ÂªªÂªªÂ•áË≠ö - Eve MV,Music,2024-11-09 18:59:21
Artemas - i like the way you kiss me (official music video),Music,2024-11-09 19:07:54
Little Too Close (feat. Veronika Redd),Music,2024-11-09 19:14:26
Heidi Montag - I'll Do It (Sped Up Version),Music,2024-11-09 19:47:41
"Sean Kingston, Justin Bieber - Eenie Meenie (Lyrics)",Music,2024-11-09 19:59:03
Stereo Love,Music,2024-11-09 20:06:09
"Akon - Beautiful (Official Music Video) ft. Colby O'Donis, Kardinal Offishall",Music,2024-11-09 20:15:19
Memories,Music,2024-11-09 23:09:59
"Narvent, OBLXKQ - Partiality (4K AMV)",Music,2024-11-09 23:18:48
Porter Robinson - Russian Roulette (Official Lyric Video),Music,2024-11-09 23:22:40
Kuch To Hua Hai,Music,2024-11-10 07:27:55
TAINU LEKE,Music,2024-11-10 07:39:52
Prem Ki Naiyya,Music,2024-11-10 07:48:38
Uff Teri Adaa,Music,2024-11-10 07:57:47
Raanjhan,Music,2024-11-10 08:09:39
Maiyya,Music,2024-11-10 08:13:40
Allah Ke Bande,Music,2024-11-10 15:27:11
Khwaja Mere Khwaja,Music,2024-11-10 15:37:55
"Slow Motion Angreza (From ""Bhaag Milkha Bhaag"")",Music,2024-11-10 16:57:32
Roobaroo,Music,2024-11-10 17:06:31
Lag Ja Gale Se,Music,2024-11-10 17:19:22
Tere Bina,Music,2024-11-10 17:25:27
Tu Jaane Na,Music,2024-11-10 17:34:39
Rehnaa Hai Tere Dil Mein,Music,2024-11-10 17:48:11
Akhiyaan Gulaab,Music,2024-11-10 17:57:19
KABIRA,Music,2024-11-10 18:03:25
"Tu Hain Toh (From ""Mr. And Mrs. Mahi"")",Music,2024-11-10 18:59:59
"Dekhha Tenu (From ""Mr. And Mrs. Mahi"")",Music,2024-11-10 19:08:02
Tu Hai,Music,2024-11-10 19:15:00
Tu hai kahan,Music,2024-11-10 19:27:41
Dil Jhoom,Music,2024-11-10 19:35:32
Los Angeles,Music,2024-11-10 23:38:08
Memories,Music,2024-11-10 23:44:37
Porter Robinson - Something Comforting (Official Music Video),Music,2024-11-10 23:58:40
Illenium - Fractures (feat. Nevve),Entertainment,2024-11-11 00:07:54
Phoebe Ryan - Mine (Illenium Remix),Music,2024-11-11 00:11:59
PSYQUI - „Éí„Çπ„ÉÜ„É™„ÉÉ„ÇØ„Éä„Ç§„Éà„Ç¨„Éº„É´ feat. Such (android52 Edit),Music,2024-11-11 01:15:25
Porter Robinson - Look at the Sky (Official Lyric Video),Music,2024-11-11 01:29:03
Galileo Galilei - Aoi Shiori,Music,2024-11-11 01:37:23
Heidi Montag - I'll Do It (Sped Up Version),Music,2024-11-11 01:49:52
Get Your Wish,Music,2024-11-11 01:57:53
KANA-BOON - Silhouette,Music,2024-11-11 02:08:45
Interlinked,Music,2024-11-11 02:13:11